MY BABY SOFTENER BLUE PCH 800ML,8975.0,8077.0
SLEEK BABY NIPPLE CLEANSER 500 ML,34900.0,
PIGEON SILLICONE NIPPLE 1 PCS L G03202,14900.0,
PIGEON SILLICONE NIPPLE 2 PCS L G03210,24900.0,
PIGEON SILLICONNIPPLETRIPLE PACK MG03240,32900.0,
PIGEON SILLICONNIPPLETRIPLE PACK LG03241,32900.0,
PIGEON BOTTLE & NIPPLE BRUSH G06100,59900.0,
PIGEON SILPACIFIERSTEP1 PK.BL.YL G11212,27900.0,
PIGEON SILPACIFIER STEP2 RD.BL.YL G11217,27900.0,
PIGEON BREAST PAD FIT TYPE30+6PCS G26033,74900.0,59920.0
PIGEON MAG MAG ALL IN ONE SET D 806,74900.0,
PIGEON FEEDING SET W/TRAINING CUP G05291,169900.0,
PIGEON FEEDING SET MINI G05292,69900.0,
PIGEON COTTON BALL 100'S G15427,24900.0,
PIGEON SCREW CAP + NIPPLE COV. RP G04149,6900.0,
PIGEON COTTON SWAB 100PC G19238,9900.0,
SLEEK BABY NIPPLE CLEANSER 450ML,24900.0,
PIGEON BREAST PAD 60 PCS G26058 / G26093,129900.0,103920.0
SLEEK BABY BOTTLE NIPPLE CLEANSER 900 ML,39900.0,
JOHNSON BABY COOLING BATH 200 ML,21125.0,16900.0
JOHNSON BABY MILK LOTION 200 ML,22450.0,
PAMPERS ACTIVE BABY M 20'S,48525.0,
MITU BABY REGULER ANTISEPTIC 50'S,16250.0,
MITU BABY SENSITIVE 50'S,17775.0,
PAMPERS ACTIVE BABY PANTS M 34'S,95450.0,
MAMY POKO PANTS S 38 PCS,99000.0,
MAMY POKO PANTS GIRLS L 52 PCS,158900.0,141400.0
MAMY POKO B. WPS N.ALCHL PARF 52'S EC,9900.0,
PAMPERS ORANGE TAPED M 22'S,40775.0,
PAMPERS ORANGE TAPED L 20'S,40775.0,
PAMPERS ACTIVE BABY PANTS L 44'S,144575.0,122900.0
MITU BABY REGULAR BLUE 50'S,14150.0,8900.0
MERRIES DIAPERS NB 24,60500.0,
MERRIES DIAPERS S 24,60500.0,
MERRIES DIAPERS M 38,102700.0,
MERRIES PANTS XL 19,90950.0,
MAMY POKO OPEN STANDAR M 22 PCS,31300.0,
MITU BABY EXTRA THICK BLUE 50'S,20575.0,
ZWITSAL BABY BATH NAT MILK&HONEY 200 ML,18800.0,
CUSSONS BABY WIPES MILD & GENTLE 50'S,19675.0,
MITU BABY EXTRA THICK PINK 50'S,20575.0,
CUSSONS BABY MILK BATH SOFT SMOOTH200ML,17375.0,
ZWITSAL BABY SOAP 80 GR,3700.0,
JOHNSON BABY BLUE BATH PCH 200 ML,17250.0,13800.0
MONDE BISCUIT BLUE SHELL KECIL 454 GR,53000.0,
MITU BABY PNK REF 60'S,15200.0,12500.0
MITU BABY BLU REF 60'S,15200.0,12500.0
MAMY POKO PANTS GIRLS XXL 20 PCS,95100.0,
MAMY POKO DIAPERS L 40 PCS,102375.0,89000.0
MAMY POKO DIAPERS M 46 PCS,102375.0,89000.0
MAMY POKO DIAPERS XL 34 PCS,102375.0,89000.0
MAMY POKO PANTS BOYS L 28 PCS,95100.0,
MAMY POKO PANTS BOYS XL 24 PCS,95100.0,
MAMY POKO PANTS GIRLS L 28 PCS,95100.0,
MAMY POKO PANTS GIRLS XL 24 PCS,95100.0,
MAMY POKO M72,152450.0,
MAMY POKO DIAPERS L 62 PCS,152450.0,
MAMY POKO PANTS M 34,95100.0,
MAMY POKO DIAPERS XL 50 PCS,152450.0,
MAMY POKO DIAPERS S 50 PCS,102375.0,89000.0
MAMY POKO DIAPERS XXL 28 PCS,102375.0,89000.0
MAMY POKO PANTS BOYS XXL 20 PCS,95100.0,
VALUE PLUS BABY WIPES 10 PCS,2975.0,
VALUE PLUS BABY WIPES 60 PCS,12900.0,10500.0
VALUE PLUS COTTON BALLS 100 PCS,5600.0,4200.0
VALUE PLUS BABY DIAPERS M 20 PCS,27500.0,25000.0
VALUE PLUS BABY DIAPERS L 20 PCS,30200.0,27500.0
VALUE PLUS BABY DIAPERS XL 20 PCS,33500.0,30500.0
VALUE PLUS BABY COTTON BUDS 100 PCS,3000.0,2000.0
JOHNSON BABY BATH TTT PCH 400 ML,25850.0,21950.0
JOHNSON BABY MILK BATH PCH 400 ML,25700.0,21850.0
MAMY POKO PANTS STANDAR M 20 PCS,37400.0,
MAMY POKO PANTS STANDAR L 20 PCS,41925.0,
VALUE PLUS BABY DIAPERS L 40 PCS,59400.0,55000.0
VALUE PLUS BABY DIAPERS XL 40 PCS,65400.0,60000.0
ZWITSAL HAIR LOT. A.VERA KEMIRI&SELEDRI 100 ML,21900.0,
ZWITSAL NAT MINYAK TELON 100 ML,26900.0,
VALUE PLUS BABY DIAPERS M 40 PCS,53900.0,50000.0
PAMPERS NEW BABY S 48'S,99525.0,
PAMPERS ACTIVE BABY M 44'S,99525.0,
PAMPERS ACTIVE BABY M 68'S,156275.0,
PAMPERS ACTIVE BABY L 38'S,99525.0,
PAMPERS ACTIVE BABY L 60'S,156275.0,
PAMPERS ACTIVE BABY XL 34'S,99525.0,
MITU BABY REGULER PINK 50'S,14150.0,8900.0
MAMY POKO B.WPS N.ALCHL N.PARF 52'S EC,9900.0,
JOHNSON BABY LOT 200 ML,20550.0,
ZWITSAL BABY PWD BOUNTY 300 GR,16250.0,
JOHNSON BABY POWDER BLOSSOM 300 GR,15075.0,
ZWITSAL HAIR LOT.ALOE KEMIRI SELEDRI 200,34600.0,
CUSSONS BABY MINYAK KAYU PUTIH 120 ML,36250.0,
JOHNSON BABY COLOGNE HEAVEN 100 ML,19075.0,
ZWITSAL BABY CREAM ZINC 100 ML,28750.0,
ZWITSAL BABY SHP A.VERA KMR&SLEDRI 250 ML,19800.0,
CUSSONS BABY LOT MILD & GENTLE 200 ML,18325.0,
CUSSONS BABY PWD MILD & GENTLE 200GR,12150.0,
JOHNSON BABY COLOGNE MORNING DEW 100 ML,19075.0,
JOHNSON BABY OIL 125 ML,20975.0,
JOHNSON BABY POWDER 300 GR,15075.0,12800.0
MUSTIKA RATU MINYAK ZAITUN 175 ML,27700.0,
ZWITSAL BABY COLOGNE 100 ML,16950.0,
MAMY POKO PANTS S 19 PCS,51500.0,44800.0
MAMY POKO PANTS BOYS XL12 PCS,51500.0,44800.0
MAMY POKO PANTS M17,51500.0,44800.0
MAMY POKO PANTS BOYS XXL 10 PCS,51500.0,44800.0
VALUE PLUS PRE BABY PANTS M20,41150.0,37500.0
VALUE PLUS PRE BABY PANTS L18,41150.0,37500.0
VALUE PLUS PRE BABY PANTS XL16,39900.0,36500.0
MAMY POKO PANTS GIRLS XXL 10 PCS,51500.0,44800.0
PAMPERS ACTIVE BABY PANTS M 34'S,95450.0,
JOHNSON BABY LOT ALOE VERA 200 ML,20975.0,17800.0
JOHNSONS BABY PWD 100 GR,6675.0,
JOHSONS BABY PWD 200 GR,12175.0,10300.0
JOHNSONS BABY POWDER 500 GR,21575.0,18300.0
JOHNSONS BABY BEDTIME LOTION 200 ML,23625.0,
JOHNSONS BABY POWDER BLOSSOM 500 GR,21575.0,
JOHNSONS BABY COLOGNE BRISSA 100 ML,19075.0,
ZWITSAL NAT MINYAK TELON 60 ML,19400.0,
ZWITSAL PWD WITH ZINC 100 GR,7875.0,
MAMY POKO PANTS GIRL XXL 38 PCS,173150.0,154100.0
PAMPERS ACTIVE BABY PANTS XL 36'S,144575.0,122900.0
MAMY POKO PANTS STANDAR XL 26 PCS,63675.0,
MAMY POKO PANTS STANDAR L 8,17000.0,
MAMY POKO PANTS STANDAR XL 7,17000.0,
PAMPERS ACTIVE BABY PANTS L 28'S,95450.0,
PAMPERS ACTIVE BABY PANTS XL 24'S,95450.0,
MAMY POKO PANTS JUNIOR BOY XXXL 24,180150.0,
MAMY POKO PANTS JUNIOR GIRL XXXL 24,180150.0,
MAMY POKO PANTS STANDAR S 40 PCS,60050.0,
MAMY POKO PANTS STANDAR M 34 PCS,60050.0,
MAMY POKO DIAPERS S 28 PCS,61150.0,
MAMY POKO DIAPERS NB 30'S,61150.0,
MAMY POKO DIAPERS NB 52 PCS,102375.0,89000.0
BABY HAPPY DIAPERS M 20 PCS,34950.0,
BABY HAPPY DIAPERS XL 20 PCS,44500.0,
MAMY POKO PANTS JUNIOR GIRL XXXL 12,95175.0,
MAMY POKO PANTS STANDARD S48 HPM,66650.0,
MAMY POKO PANTS SATNDAR XL30 HPM,66650.0,
MAMY POKO PANTS STANDAR XXL28 HPM,66650.0,
VALUE PLUS PRE BABY PANTS L36,78000.0,74000.0
MAMY POKO PANTS JUNIOR GIRL XXL 28,172000.0,
GOON PANTS M 34'S,96950.0,82400.0
GOON PANTS L 28'S,96950.0,82400.0
GOON PANTS XL 24'S,96950.0,82400.0
PAMPERS ACTIVE BABY PANTS M 56'S,144575.0,122900.0
MERRIES DIAPERS M 22,60500.0,
PAMPERS ORANGE TAPED L38'S,74350.0,
MAMY POKO DIAPERS XXL 16 PCS,61150.0,
CUSSONS BABY HAIR LOT NAT KAC 100 ML,20950.0,
VALUE PLUS PRE BABY PANTS M40,78000.0,74000.0
VALUE PLUS PRE BABY PANTS XL32,78000.0,74000.0
MAMY POKO PANTS JUNIOR GIRL XXL 14,90650.0,
GOON DIAPERS S 46'S,85800.0,
GOON DIAPERS M 40'S,85800.0,
GOON DIAPERS L 34'S,85800.0,
GOON DIAPERS XL 30'S,85800.0,
ZWITSAL BABY BATH POUCH 500 ML,27750.0,
ZWITSAL BABY BATH NAT MILK & HONEY 250 M,20200.0,
ZWITSAL BABY BATH NAT MYK TELON 250 ML,20500.0,
ZWITSAL BABY SHP A.VERA KEMIRI&SELEDRI 1,10850.0,
PIGEON BABY COMPACT POWDER 45 GR,31100.0,
JOHNSONS BABY PWD BLOSSOM 200 GR,12175.0,
JOHNSONS BABY WASH TOP TO TOE 200 ML,17375.0,14750.0
ZWITSAL BABY  HAIR LOTION 200 ML,34675.0,
PAMPERS ORANGE PANTS M 20'S,42050.0,
MITU WET TISSUE LEMON REF 120'S,19650.0,
ZWITSAL BABY CREAM SKIN GUARD 100 ML,23750.0,
BABY HAPPY DIAPERS L 20 PCS,38300.0,
MAMY POKO PANTS STANDAR M 9,17000.0,
MAMY POKO PANTS STANDAR XXL 6,17000.0,
MAMY POKO DIAPERS L 22 PCS,61150.0,
MAMY POKO XL   20,61150.0,
ZWITSAL B.BATH NAT.MILK&HONEY PP 500 ML,30500.0,
ZWITSAL BABY HAIR&BODY PCH 500 ML,29400.0,
MITU WET TISSUE ANTISEPTIC BTL 120'S,21050.0,
MITU WET TISSUE ANTISEPTIC REF 120'S,19650.0,
MAMY POKO PANTS STANDAR M40 HPM,66650.0,
MAMY POKO PANTS STANDAR L36 HPM,66650.0,
GOON PANTS XXL 20'S,96950.0,82400.0
ZWITSAL BABY OIL NAT.ALOE VERA 100ML,18625.0,
CUSSONS BABY COLOGNE LOVELY KISS 100ML,17775.0,13300.0
CUSSONS BABY CREAM SOFT & SMOOTH 50GR,15025.0,
MAMY POKO BABY WIPES NON PARF 20 PCS,9600.0,
MAMY POKO BABY WIPES PARF 50 PCS,16775.0,
MITU BABY REGULAR PINK 24'S,9050.0,6350.0
ZWITSAL BABY BATH NAT MILK&HONEY 300 ML,26100.0,
MAMY POKO PANTS M 64 PCS,178100.0,158500.0
MAMY POKO PANTS STANDAR L 30 PCS,60050.0,
VALUE PLUS JUMBO COTTON BALLS 100PCS,10650.0,8500.0
CUSSONS COTTON BUDS EXTRA FINE 100'S,4650.0,
PAMPERS ORANGE TAPED XL 34'S,78800.0,
MAMY POKO OPEN STANDAR S 44 PCS,54800.0,
MAMY POKO OPEN STANDAR M 40 PCS,54800.0,
PIGEON BABY WIPES 70'S P2,51000.0,40800.0
CUSSONS BABY HAIR LOT NAT ACO 200ML,32425.0,24300.0
ZWITSAL BABY HAIR LOTION 100 ML,21900.0,
PIGEON WIPES HAND & MOUTH 20'S,15900.0,
PIGEON WIPES HAND & MOUTH 60'S,27175.0,
CUSSONS BABY WIPES NATURAL REFRESH 70'S,15000.0,
PAMPERS ORANGE PANTS S 20'S,33075.0,
MAMY POKO B WPS A.SEPTIC PARF 48'S,9900.0,
MAMY POKO B WPS A.SEPTIC N.PARF 48'S,9900.0,
GOON DIAPERS NB 50'S,91350.0,
MITU BABY TRAVEL PACK PNK 10'S,4050.0,
MITU WET TISSUE TRAVEL COLOGNE,3950.0,
MAMY POKO DIAPERS M 12 PCS,29750.0,
MAMY POKO DIAPERS L 10 PCS,29750.0,
MAMY POKO DIAPERS NB 14 PCS,32500.0,
LACTACYD BABY LIQ. 230 ML,93275.0,74600.0
MITU BABY SABUN 2IN1 REFF 400 ML,21300.0,
ZWITSAL BABY BATH NAT HAIR&BODY 300ML,26175.0,
ZWITSAL BABY BATH MYK TELON 300 ML,26100.0,
JOHNSONS BABY LOT.SOAP BLOSSOMS 100GR,4850.0,
JOHNSONS BABY SHP 200 ML,17900.0,
CUSSONS BABY HAIR LOT CARES PROTC 100ML,20425.0,
JOHNSONS BABY OIL BEDTIME 125ML,22300.0,
CUSSONS BABY COLOGNE WARM CUDDLE 100 ML,17775.0,
CUSSONS BABY PUPLE BAG,53375.0,43950.0
CUSSONS BABY COLOGNE SWEETY LULLABY 100,17775.0,
CUSSONS BABY FABRIC COND M&GENTLE 1500ML,22900.0,20610.0
CUSSONS BABY FABRIC COND S.FLRL 1500ML,22900.0,20610.0
MY BABY SOFTENER PINK PCH 1600ML,16700.0,15030.0
PIGEON RUBBER NIPPLETWINPACK L G02258,39900.0,
PIGEON MAG MAG TRAINING CUP SYS G05269,119900.0,
PIGEON SILLICONE NIPPLE PERISTALTIC Y,39900.0,
PIGEON PAKET PARCEL 1 G00092,164900.0,
PIGEON LIQ CLEANSER 700MLG04091,89900.0,
PIGEON BOTTLE STANDARD NECK 250 ML G00388,56900.0,
JOHNSON BABY MILK BATH 200 ML,20225.0,16150.0
ZWITSAL BATH HAIR & BODY 200 ML,18850.0,
PAMPERS NEW BABY S 22'S,48525.0,
SWEETY FIT PANTZ M 20'S,40750.0,
SWEETY FIT PANTZ L 20'S,45750.0,
SWEETY FIT PANTZ XL 20'S,53075.0,
MAMY POKO PANTS BOYS L 52 PCS,158900.0,141400.0
MAMY POKO PANTS BOYS XL 46 PCS,158900.0,141400.0
MAMY POKO PANTS GIRL XL 46 PCS,158900.0,141400.0
MAMY POKO PANTS BOYS XXL 38 PCS,173150.0,154100.0
PAMPERS ORANGE PANTS L 20'S,47575.0,
PAMPERS ORANGE PANTS XL 20'S,54600.0,
PAMPERS ORANGE TAPED S 24'S,40775.0,
MERRIES DIAPERS L 32,102700.0,
MERRIES PANTS M 28,90950.0,
MERRIES PANTS L 22,90950.0,
JOHNSON BABY MILK SOAP 100 GR,4850.0,
SWEETY DIAPERS S 12 PCS,15250.0,
PAMPERS NEW BABY NB 24'S,48525.0,
ZWITSAL BABY CLEANSING WIPES 70 SHT,27875.0,
SWEETY DIAPERS M 10 PCS,17525.0,
SWEETY DIAPERS L 10 PCS,18950.0,
CUSSONS BABY SOAP MILD & GENTLE 125GR,3750.0,
CUSSONS BABY BATH HTT MILD GENTLE 200ML,15275.0,
JOHNSON BABY BEDTIME BATH PCH 400 ML,27650.0,23500.0
PASEO NAPKIN LUNCH WHT 321323 50 PCS,9675.0,
SWEETY DIAPERS XL 16 PCS,34900.0,
SWEETY DIAPERS M 20 PCS,34675.0,
SWEETY DIAPERS L 20 PCS,37500.0,
MAMY POKO PANTS STANDAR XL 20 PCS,50100.0,
MAMY POKO PANTS STANDAR XXL 18 PCS,51000.0,
SWEETY DIAPERS M 40'S,69325.0,
SWEETY DIAPERS L 40'S,75000.0,
SWEETY FIT PANTZ L 8 PCS,18975.0,
CUSSONS BABY SHP CARES & PROTECTS 200ML,17825.0,13350.0
CUSSONS BABY HAIR LOT CARES PROTC 200ML,32425.0,24300.0
JOHNSON BABY SHP SOFT&SHINY 200ML,21725.0,
JOHNSON BABY COLOGNE SUMMER SWING 100ML,19075.0,
MAMY POKO PANTS BOYS L 14 PCS,51500.0,44800.0
MAMY POKO PANTS GIRLS L 14 PCS,51500.0,44800.0
MAMY POKO PANTS GIRLS XL 12 PCS,51500.0,44800.0
JOHNSON BABY OIL 200ML 01 04 03,29300.0,24900.0
CUSSONS BABY COLOGNE SOFT TOUCH 100 ML,17775.0,13300.0
MAMY POKO PANTS STANDAR XXL 24 PCS,63675.0,
PAMPERS ACTIVE BABY XL 50'S,156275.0,
MAMY POKO PANTS STANDAR S 22 PCS,32875.0,
MAMY POKO PANTS S70 PCS,173750.0,154750.0
POPOKU BABY DIAPERS XL 20'S,38250.0,
MAMY POKO PANTS JUNIOR BOY XXL 28,172000.0,
MAMY POKO DIAPERS S 80'S,152450.0,
MAMY POKO OPEN STANDAR S 24 PCS,31300.0,
JOHNSONS BABY CREAM REG 100 GR,29100.0,
MITU BABY PNK BTL 60'S,16500.0,13800.0
ZWITSAL BABY SHP A.VERA KMR&SLEDRI 300 M,23750.0,
MAMY POKO PANTS JUNIOR BOY XXL 14,90650.0,
MAMY POKO B WPS AS NP 48'S PAKET 2,18900.0,
MAMY POKO B WPS EC NP 52'S PAKET 2,18900.0,
PAMPERS ORANGE TAPED M42'S,74350.0,
PAMPERS ACTIVE BABY PANTS XL 50+2'S,205475.0,
MAMY POKO PANTS JUNIOR BOY XXXL 12,95175.0,
CUSSONS BABY GIFT BOX,94500.0,
PAMPERS ACTIVE BABY PANTS M 76+6'S,205475.0,
MITU BABY BAG PAKET,44500.0,
MAMY POKO PANTS STANDAR MINI S 22PCS,31725.0,
JOHNSONS SOAP REGULAR 100 GR,4700.0,
JOHNSON'S BABY POWDER WITH MILK 300GR,16800.0,
JOHNSONS BABY PWD BEDTIME 100 GR,6675.0,
JOHNSON BABY LOT 100 ML,11900.0,
PROMINA BABY TIM AYAM+SAYUR 6 BLN 120 GR,9925.0,
SUN BISCUIT MARIE ROLL BESAR 150 GR,8450.0,
PROMINA BABY BISCUIT MARIE ROLL 150 GR,10025.0,
MILNA BR 6+ SUP AYAM WORTEL LABU BOX 120 GR,13700.0,11645.0
BEBELOVE 1 BOX 400 GR,70275.0,
BEBELOVE 2 BOX 400 GR,64050.0,
SGM SOYA 2 BOX 400 GR,55975.0,
LACTOGEN 2 KLASIK BOX 900 GR,69500.0,
PROMINA BERAS MRH + DAGING AYAM 120 GR,9925.0,
SUN TIM SAYUR AYAM 100 GR,9125.0,
MILNA BISCUIT ORIGINAL + DHA 130 GR,13350.0,11347.0
PROMINA BISCUIT RUSK BERAS MERAH 130 GR,9700.0,
PROMINA BISCUIT RUSK KACANG HIJAU 130 GR,9700.0,
BENDERA 1 BOX 800 GR,86325.0,
SUN EKONOMIS PSG SCH 120 GR,5375.0,
BENDERA 2 BOX 800 GR,86325.0,
BENDERA 2 BOX 400 GR,46375.0,
ENFAKID A+ MADU BOX 400 GR,104675.0,
ANMUM ESSENTIAL 4 VANILLA TIN 750 GR,192425.0,
PRENAGEN LACTAMOM COKLAT BOX 2 X 200 GR,71800.0,
PRENAGEN ESENSIS COKLAT 360 GR,58900.0,
ENTRASOL ACTIVE VANILLA LATTE 360 GR,56025.0,47621.0
DANCOW BATITA MADU BOX 900 GR,72275.0,
DANCOW BATITA VANILA BOX 900 GR,72275.0,
CHIL SCHOOL PLATINUM COKLAT BOX 800 GR,192725.0,173452.0
PRENAGEN MOMMY EMESIS CKT BOX 400 GR,74150.0,
BENDERA 456 MADU BOX 1200 GR,116250.0,111250.0
BENDERA 123 MADU BOX 1200 GR,116250.0,111250.0
BEBELAC 3 VANILLA BOX 400 GR NEW,59225.0,
BEBELAC 3 HONEY BOX 400 GR NEW,59225.0,
BEBELAC 4 VANILLA BOX 400 GR NEW,54525.0,51799.0
BEBELAC 4 MADU BOX 400 GR NEW,54525.0,51799.0
BEBELAC 4 COKLAT BOX 400 GR NEW,54525.0,51799.0
SGM SOYA 3 BOX 400 GR,53600.0,
ENFAKID A+ VANILA BOX 400 GR,104675.0,
DANCOW NUTRIGOLD 4 VANILLA BOX 700G,96250.0,
PRENAGEN MOMMY COKLAT BOX 600 GR,104325.0,
PRENAGEN MOMMY VANILA BOX 600 GR,104325.0,93892.0
PRENAGEN MOMMY STR BOX 600 GR,104325.0,93892.0
ENFAGROW A+ MADU BOX 400 GR,121350.0,
ENFAKID A+ COKLAT BOX 400 GR,104675.0,
DANCOW BALITA CKT PREBIO 1+ 800 GR,82925.0,
CHIL SCHOOL PLTNM COKLAT BOX 400 GR,101675.0,
DANCOW BALITA PREBIO 3 + BOX 800 GR,82925.0,
SGM AKTIF VAN BOX 400 G,33625.0,
SGM AKTIF COKLAT BOX 400 G,33625.0,31944.0
SGM AKTIF MADU BOX 400 G,33625.0,
SGM AKTIF VAN BOX 1000 G,69825.0,
SGM AKTIF MADU BOX 1000 G,69825.0,
SGM AKTIF COKLAT BOX 1000 G,69825.0,
SGM EKSPLOR VAN BOX 400 G,34850.0,
SGM EKSPLOR MADU BOX 400 G,34850.0,
SGM ANANDA 1 BOX 400 G,34775.0,
SGM ANANDA 1 BOX 1000 G,80700.0,
SGM ANANDA 2 BOX 400 G,34950.0,
SGM ANANDA 2 BOX 1000 G,81275.0,
BENDERA 456 VANILLA BOX 1200 G,116275.0,111275.0
MORINAGA CHILKID P HP BOX 400G,127350.0,114615.0
MORINAGA CHIL KID SOYA BOX 300G,83700.0,
MORINAGA BMT SOYA TIN 300G,93175.0,
SUSTAGEN SCHOOL CHO CAN 900/800GR,124225.0,
ANMUM ESSENTIAL 3 VANILLA TIN 750 GR,200000.0,
ANMUM ESSENTIAL 4 VANILLA BOX 340 GR,88325.0,83909.0
SUSTAGEN YUNIOR VNL CAN 900/800GR,129050.0,
DANCOW BATITA MADU BOX 500 GR,39325.0,
CHIL SCHOOL PLATINUM MADU BOX 400 GR,101675.0,
NUTRILON 3 VNL BOX 400 GR,77200.0,
NUTRILON 3 VNL TIN 800 GR,151200.0,146200.0
DANCOW 3 + HONEY PREBIO 3 + DHA 400 GR,42775.0,
DANCOW 3 + HONEY PREBIO 3 + DHA 800 GR,82925.0,
SUSTAGEN KID VNL CAN 900/800GR,124225.0,
SUSTAGEN KID COKLAT CAN 900/800GR,124225.0,
SUSTAGEN KID MADU CAN 900/800GR,124225.0,
DANCOW 3 + CHO PREBIO 3 + DHA 800 GR,82925.0,
DANCOW 3 + VNL PREBIO 3 + DHA 800 GR,82925.0,
DANCOW BALITA VNL PREBIO 1+ 800 GR,82925.0,
DANCOW BALITA VNL PREBIO 1+ 400 GR,42775.0,
DANCOW CHO CALCI-N 5+ 800 GR,82925.0,
ENFAGROW A+ VNL TIN 900/800 GR,229350.0,
ENFAGROW A+ MADU TIN 900/800 GR,229350.0,
ISOMIL PLUS CAN 900 GR,263600.0,250420.0
DANCOW MADU CALCI-N 5+ BOX 800 GR,82925.0,
PEDIASURE COMPLETE COKLAT TIN 900 GR,278325.0,264409.0
GAIN PLUS ADV. EYE Q TIN 900 GR,245225.0,
NUTRIBABY ROYAL 2 BOX 400 GR,117125.0,
NUTRILON ROYAL 3 VNL BOX 400 GR,104550.0,
NUTRILON ROYAL 3 VNL TIN 800 GR,204575.0,
NUTRILON 3 MADU TIN 800 GR,151200.0,146200.0
ENFAGROW A+ VNL BOX 400 GR,121350.0,
ENFAKID A+ VNL TIN 900/800 GR,201675.0,
NUTRILON ROYAL 4 VANILLA TIN 800 GR,179350.0,
NUTRILON ROYAL 4 VNL BOX 400 GR,92575.0,
NUTRILON 3 SOYA TIN 800 GR,191425.0,
NUTRILON 3 SOYA BOX 400 GR,96300.0,
PEDIASURE COMPLETE CKT TIN 400 GR,132050.0,125447.0
PEDIASURE COMPLETE VNL TIN 900 GR,278325.0,
PROCAL S-26 VANILLA BOX 400 GR,82900.0,74610.0
S - 26 PROMISE VANILLA BOX 400 GR,72650.0,65385.0
NUTRILON ROYAL 4 MADU TIN 800 GR,179350.0,
NUTRILON ROYAL 3 MADU TIN 800 GR,204575.0,
ENFAKID A+ COKLAT TIN 900/800 GR,201675.0,
DANCOW VNL CALCI-N 5+BOX 800 GR,82925.0,
BENDERA 123 COKLAT BOX 800 GR,83025.0,
BENDERA 123 VANILA BOX 800 GR,83025.0,
ANMUM MATERNA COKLAT BOX 400 GR,74550.0,
BENDERA 123 VANILLA BOX 400 GR,43075.0,
BENDERA 123 MADU BOX 800 GR,83025.0,
BENDERA 456 VNL BOX 800 GR,83025.0,
BENDERA 456 VANILLA BOX 400 GR,43075.0,
BENDERA 456 COKLAT BOX 800 GR,83025.0,
BENDERA 456 MADU BOX 800 GR,83025.0,
PEDIASURE COMPLETE HONEY TIN 900 GR,278325.0,
MORINAGA CHIL KID MD PLATINUM TIN 800 GR,221100.0,
MORINAGA CHIL KID VNL PLATINUM TIN 800GR,221100.0,
CHIL SCHOOL PLTNM VNL BOX 400 GR,101675.0,
CHIL SCHOOL COKLAT BOX 800 GR,119125.0,107212.0
CHIL SCHOOL VNL BOX 800 GR,119125.0,
NUTRILON 4 SOYA BOX 400 GR,91800.0,
NUTRILON 1 BOX 400 GR,94275.0,
SUN BABY FOOD BERAS MERAH BOX 120 GR,6725.0,
BEBELAC BABY MILK FREE LACTOSE CAN 400GR,81050.0,
ANMUM INFACARE 1 TIN 900 GR,274000.0,
NUTRILON ROYAL 3 MADU BOX 400 GR,104550.0,
DANCOW NUTRIGOLD 3 MADU BOX 700G,103775.0,
S-26 PROCAL VNL BOX 700 GR,146750.0,132075.0
S-26 PROMISE VNL BOX 700 GR,126775.0,114097.0
CHIL SCHOOL PLATINUM MADU BOX 800 GR,192725.0,
CHIL SCHOOL PLATINUM VANILLA BOX 800 GR,192725.0,
DANCOW NUTRIGOLD 1+ VANILLA 700GR,103775.0,
BENDERA 123 VAN BOX 1200 GR,115950.0,110950.0
ANMUM ESSENTIAL 3 HONEY TIN 750GR,200000.0,190000.0
BEBELAC 3 VANILLA TIN 800 GR NEW,114850.0,
BEBELAC 3 MADU TIN 800 GR NEW,114850.0,
BEBELAC 4 VANILLA TIN 800 GR NEW,105175.0,
BEBELAC 4 MADU TIN 800 GR NEW,105175.0,
SUSTAGEN YUNIOR HONEY CAN 900/800GR,129050.0,
DANCOW BALITA MADU PREBIO 1+ 800 GR,82925.0,
DANCOW BALITA MADU PREBIO 1+ 400 GR,42775.0,
LACTOGEN 3 BOX 750 GR,84550.0,
NUTRILON ROYAL 1 BOX 400 GR,125675.0,
MILNA BR 9+ TUMIS HATI AYM BROK BOX 120,13700.0,11645.0
BEBELOVE 2 TIN 800 GR,125150.0,
MORINAGA CHIL MIL BOX 800 GR,151150.0,
SUN BABY FOOD BERAS MERAH EKONOMIS 120GR,5375.0,
ENFAMIL BABY MILK A + BOX 400 GR,140475.0,
ENFAMIL BABY MILK A+ CAN 800 GR,275675.0,
ENFAPRO A + CAN 800 GR,257875.0,
PRENAGEN MOMMY COKLAT BOX 2 PCS X 200 GR,72550.0,
PRENAGEN MOMMY VNL BOX 2 PCS X 200 GR,72550.0,
MORINAGA BMT PLATINUM TIN 800 GR,255250.0,
MORINAGA CHIL MIL PLATINUM TIN 800 GR,243725.0,
ENFAPRO A + BOX 400 GR,131400.0,
LACTOGEN 2 + DHA BOX 750 GR,86900.0,
ENFAMIL A+HA TIN 400 GR,153575.0,
MORINAGA CHIL KID VNL BOX 800 GR,131550.0,
MORINAGA CHIL KID MD BOX 800 GR,131550.0,
SGM EKSPLOR VAN BOX 1000 GR,75500.0,
SGM EKSPLOR MADU BOX 1000 GR,75500.0,
S-26 PROCAL GOLD TIN 900 GR NEW,255325.0,
S-26 PROCAL GOLD TIN 400 GR NEW,117500.0,105750.0
S-26 PROMISE GOLD TIN 900 GR NEW,230700.0,
S-26 GOLD TIN 400 GR,132750.0,
S-26 PROMIL GOLD TIN 400 GR NEW,125900.0,
S-26 PROMIL GOLD TIN 900 GR NEW,271850.0,
FRISOLAC 1 CAN PLAIN 400G,127775.0,
FRISOLAC 1 CAN PLAIN 900G,266600.0,
FRISOLAC 2 CAN PLAIN 400G,120225.0,
FRISOLAC 2 CAN PLAIN 900G,256200.0,
FRISO 3 CAN PLAIN 400G,112475.0,
FRISO 3 CAN PLAIN 900G,237925.0,
FRISO 4 CAN PLAIN 400G,99400.0,
FRISO 4 CAN PLAIN 900G,217125.0,
FRISOMUM CAN VAN 400G,86600.0,
SGM LLM+ BOX 400 GR,56350.0,
SGM BBLR BOX 400 GR,60675.0,
SGM EKSPLOR VAN BOX 150 G,13100.0,
SGM EKSPLOR MADU BOX 150 G,13100.0,
SGM ANANDA 1 NB BOX 150 G,13700.0,
SGM ANANDA 2 BOX 150 G,13775.0,
SGM 3 EKSPLOR BUAH & SAYUR BOX 150G,16625.0,
SGM 3 EKSPLOR BUAH & SAYUR BOX 400G,42000.0,
SGM 4 AKTIF BUAH&SAYUR BOX 400G,42000.0,
FRISO 3 CAN PLAIN 900G,237925.0,
BENDERA 2 BOX 800 GR,86325.0,
PRENAGEN ESENSIS COKLAT 360 GR,58900.0,
BENDERA 123 VANILA BOX 800 GR,83025.0,
BENDERA 123 MADU BOX 800 GR,83025.0,
BENDERA 456 COKLAT BOX 800 GR,83025.0,
BENDERA 456 MADU BOX 800 GR,83025.0,
PROMINA BABY TIM AYAM+SAYUR 6 BLN 120 GR,9925.0,
PRENAGEN MOMMY COKLAT BOX 600 GR,104325.0,
SUSTAGEN KID VNL CAN 900/800GR,124225.0,
NUTRIBABY ROYAL 2 BOX 400 GR,117125.0,
FRISOLAC 2 CAN PLAIN 900G,256200.0,
PEDIASURE COMPLETE COKLAT TIN 900 GR,278325.0,264409.0
PEDIASURE COMPLETE CKT TIN 400 GR,132050.0,125447.0
FRISO 3 CAN PLAIN 400G,112475.0,
FRISO 4 CAN PLAIN 900G,217125.0,
PROMINA BABY TIM AYAM+SAYUR 6 BLN 120 GR,9925.0,
PROMINA BERAS MRH + DAGING AYAM 120 GR,9925.0,
PRENAGEN ESENSIS COKLAT 360 GR,58900.0,
PRENAGEN MOMMY COKLAT BOX 600 GR,104325.0,
SUSTAGEN KID VNL CAN 900/800GR,124225.0,
PEDIASURE COMPLETE COKLAT TIN 900 GR,278325.0,264409.0
NUTRIBABY ROYAL 2 BOX 400 GR,117125.0,
PEDIASURE COMPLETE CKT TIN 400 GR,132050.0,125447.0
FRISOLAC 2 CAN PLAIN 900G,256200.0,
FRISO 3 CAN PLAIN 400G,112475.0,
FRISO 4 CAN PLAIN 900G,217125.0,
FRISO 3 CAN PLAIN 900G,237925.0,
KID ZEE MADU BOX 350 GR,36675.0,33007.0
TS HI LO SCHOOL CKT BOX 500 GR,66175.0,
ANMUM LACTA COKLAT BOX 400 GR,74550.0,
PRENAGEN MOMMY CKT BOX 200 GR,38450.0,
MORINAGA CHIL KIDS MADU 200 GR,33575.0,
MORINAGA CHIL KIDS VNL 200 GR,33575.0,
DANCOW BALITA MADU PREBIO 3+ BOX 1000G,98325.0,
DANCOW BALITA VANILLA PREBIO 1+ BOX 1000,98325.0,
DANCOW BALITA CHOCO PREBIO 5+ BOX 1000G,98325.0,
CHIL SCHOOL STR BOX 800 GR,119125.0,107212.0
S 26 PROMISE GOLD VANILLA BOX 700G,168325.0,151492.0
MILNA TOODLER PUDDING CKT BOX 100 GR,15025.0,12771.0
KID ZEE PLATINUM CHOCORICH BOX 350 GR,51700.0,46530.0
KID ZEE VANILLA BOX 350 GR,36675.0,
KID ZEE COKLAT BOX 350 GR,36675.0,
PRENAGEN LACTAMOM MOKA 400 GR,71800.0,
BEBELAC 3 MADU+BBNUTRI 1800G,241775.0,229686.0
NUTRILON 3 MADU BOX 400 GR,77200.0,
S 26 PROCAL GOLD VANILLA BOX 1.4KG,354575.0,
DANCOW DATITA VAN+DHA BOX 900 GR,72000.0,
DANCOW NUTRIGOLD 4 MADU BOX 700G,96250.0,
ANMUM ESSENTIAL 3 VANILLA BOX 340 GR,91375.0,86806.0
BEBELAC COMP FRUIT&VEGGIE VAN TIN 800G,183775.0,176275.0
BEBELAC COMP FRUIT&VEGGIE MADU TIN 800G,183775.0,176275.0
BEBELAC 3 VAN+BBNUTRI 1800G,241775.0,229686.0
LACTOGEN 1 + DHA BOX 750 GR,89025.0,
MORINAGA CHIL KID VNL PLATINUM TIN 400GR,117400.0,
S 26 PROCAL GOLD VANILLA BOX 700G,192100.0,
NESTLE NAN HA 2 TIN,169425.0,
PEDIASURE COMPLETE HONEY TIN 400 GR,129350.0,122882.0
NUTRILON 4 VNL BOX 400 GR,68275.0,
NUTRIBABY 2 SOYA PLUS TIN 800 GR,192400.0,
MORINAGA BMT LACTOFERIN BOX 400 GR,85450.0,
MORINAGA BMT PLATINUM TIN 400 GR,132450.0,
MORINAGA CHIL MIL PLATINUM TIN 400 GR,122550.0,
NUTRILON 4 VNL TIN 800 GR,133725.0,128725.0
NUTRILON ROYAL 4 MADU BOX 400 GR,92575.0,
LACTOGEN 3 BOX 1500G,161650.0,
S 26 PROMISE GOLD VANILLA BOX 1.4KG,311900.0,
KID ZEE PLATINUM VNL DELIGHT BOX 350 GR,51700.0,
NUTRIBABY 2 BOX 400 GR,88225.0,
NESTLE NAN HA 2 TIN 800 G,325400.0,
NESTLE NAN HA 3 TIN 800 G,283650.0,
MORINAGA BMT LACTOFERIN BOX 800 GR,164175.0,
DANCOW BALITA MADU PREBIO 1+ BOX 2X750G,142850.0,
DANCOW BALITA MADU PREBIO 1+ BOX 1000G,98325.0,
MILNA BISC PISANG + DHA 130 GR,13350.0,
MILNA BR 6+ CAH DGNG KCG PLG BOX 120 GR,13700.0,
BEBELOVE 1+BBNUTRI 800G,135275.0,
NUTRIBABY 2 SOYA PLUS BOX 400 GR,96775.0,
MILNA BISC ORANGE + DHA 130 GR,13350.0,
MILNA BISC.TODDLER KEJU 110 GR,11775.0,
MILNA BISC.TODDLER CKT 110 GR,11775.0,
"MILNA BK AYM, WRTL, BROKOLI BOX 120 GR",22900.0,
LACTOGEN 2 + DHA BOX 350 GR,45075.0,
BEBELAC COMP FRUIT&VEGGIE VAN BOX 400G,94250.0,
BEBELAC COMP FRUIT&VEGGIE MADU BOX 400G,94250.0,
DANCOW 3 + VNL PREBIO 3 + DHA 400 GR,42775.0,
SUN BABY BISCUIT MARIE ROLL KECIL 80 GR,5100.0,
SUN BOX AYAM KAMPUNG&BAYAM 120G,7400.0,
SUN TIM BERAS MERAH 100 GR,9125.0,
MILNA BR 6+ TIM HATI AYAM BAYAM BOX 120 GR,13700.0,11645.0
SGM SOYA 1 BOX 200 GR,28000.0,
SUN BABY CEREAL BERAS MERAH POLYBAG 8X20G,7450.0,
SUN KACANG HIJAU EKONOMIS 120 GR,5375.0,
PRENAGEN LACTAMOM VANILA BOX 2 X 200 GR,71800.0,
BENDERA 456 COKLAT BOX 1200 GR,89225.0,
ANMUM ESSENTIAL 4 HONEY TIN 750 GR,174750.0,
MORINAGA CHIL SCHOOL SOYA BOX 300G,76275.0,68647.0
MORINAGA BMT PLATINUM HP TIN 400G,135875.0,
MORINAGA CHIL MIL P-HP TIN 400G,129825.0,
MORINAGA CHIL MIL SOYA TIN 300G,90975.0,
SGM SOYA 4 BOX 400G,51550.0,
ENFAKID A+ MADU TIN 900/800 GR,201675.0,
SUSTAGEN SCHOOL VNL 900/800GR,124225.0,
NUTRIBABY ROYAL 1 TIN 800 GR,246650.0,
NUTRIBABY ROYAL 2 TIN 800 GR,230400.0,
ANMUM INFACARE 2 TIN 900 GR,254100.0,
DANCOW GUM BALITA PREBIO 1+ 800 GR,82925.0,
S-26 GOLD TIN 900 GR,287525.0,
SGM SOYA 2 BOX 200G,26925.0,
SGM ANANDA 1 BOX 650G,51800.0,
SGM ANANDA 2 BOX 650G,51800.0,
DANCOW DATITA MADU+DHA BOX 900GR,72000.0,
ANMUM MATERNA ORIGINAL BOX 400 GR,74550.0,
TS HI LO SCHOOL VAN VEGIBERI BOX 750G,92650.0,82650.0
PRENAGEN MOMMY EMESIS CKT BOX 200 GR,40500.0,
MILNA TOODLER PUDDING STRW BOX 100 GR,15025.0,12771.0
BEBELAC 4 VAN+BBNUTRI 1800G,220475.0,209451.0
NUTRILON 4 MADU TIN 800 GR,133725.0,128725.0
BEBELAC 4 MADU+BBNUTRI 1800G,220475.0,209451.0
ANMUM INFACARE 1 BOX 400 GR,114800.0,
NESTLE NAN 2 BOX 700GR,155050.0,
BEBELOVE 2+BBNUTRI 1800G,262025.0,
S 26 PROMIL BOX 400 GR,91125.0,
NESTLE NAN HA 1 TIN 800 G,327950.0,
NUTRIBABY 1 SOYA BOX 400 GR,96775.0,
LACTOGEN 3 BOX 350 GR,40925.0,
CHIL SCHOOL GROWING UP MILK VNLBOX400GR,61850.0,
BEBELOVE 1+BBNUTRI 1800G,281075.0,
MORINAGA CHILMIL BOX 400 GR,79150.0,
LACTOGEN 1 + DHA BOX 350 GR,45725.0,
MILNA BK AYM BYM BOX 120 GR,22900.0,
S 26 BOX 400 GR,96025.0,
TS HI LO SCHOOL VAN VEGIBERI BOX 500 GR,66175.0,
