ANDEC BONETTO CHOCOLATE 700G,67000,
ANDEC BONETTO VANILLA TWISTER 700G,67000,
ANMUM ESSENTIAL 3 MADU 750G,189000,
BABY CHOICE CHICKEN 50G,39000,1
BABY CHOICE ORIGINAL 50G,39000,
BEBELAC 3 MADU 800G,108500,2
BEBELAC 3 MADU BOX 400G,57500,1
BEBELAC 3 VANILA 800G,108500,
BEBELAC 3 VANILA 1.8KG,236000,
BEBELAC 3 VANILA BOX 400G,57500,1
BEBELAC 4 MADU 800G,100000,1
BEBELAC 4 MADU 800G,100000,
BEBELAC 4 MADU BOX 400G,52500,1
BEBELAC 4 VANILA 800G,100000,1
BEBELAC 4 VANILA 800G,100000,
BEBELAC 4 VANILA BOX 400G,52500,
BEBELAC COMP VANILLA 800G,181500,
BEBELOVE 1 800G,132500,
BEBELOVE 1 BOX 400G,69500,
BEBELOVE 2 800G,122500,
BEBELOVE 2 BOX 400G,63500,
BENDERA 123 COKLAT 800G,74000,
BENDERA 123 MADU 800G,74000,
BENDERA 123 VANILA 800G,74000,
BENDERA 123 VANILA 800G,74000,
BENDERA 456 MADU 800G,74000,2
BENDERA 456 VANILLA 800G,74000,4
BENDERA TAHAP 1 800G,77500,
BENDERA TAHAP 2 800G,77500,
BMT LAKTOFERIN 1 800G,157500,
BMT PLATINUM 800G,244000,
BMT PLATINUM 1 400G,127000,
CHIL KID 3 PLATINUM VANILA 800G,215000,1
CHIL KID 3 PLATINUM VANILA 800G,214000,
CHIL KID 3 REGULER VANILA 800G,126000,1
CHIL KID REGULER 200G,,
CHIL MIL 2 PLATINUM 800G,234500,1
CHIL MIL 2 REG 200G,40500,
CHIL MIL 2 REG 800G,146000,
CHIL MIL P-HP 800G,240500,
CHIL MIL SOYA 600G,167000,
CHIL SCHOOL COKLAT 400G,,
CHIL SCHOOL VANILA BOX 800G,114500,
DANCOW 1+ COKLAT 800G,71000,
DANCOW 1+ MADU 800G,71000,
DANCOW 1+ VANILA 800G,71000,3
DANCOW 3+ MADU 800G,71000,2
DANCOW 3+ VANILLA 800G,71000,1
DANCOW 5+ COKLAT 800G,71000,3
DANCOW 5+ MADU 800G,71000,2
DANCOW NUTRIGOLD 3 MADU 700G,90000,
DANSTART 2 400G,38000,
DIABETASOL CAPPUCINO 600G,121000,
DIABETASOL COKLAT 1KG,171500,1
DIABETASOL COKLAT 600G,121000,
DIABETASOL SWEETENER 50S,24000,1
DIABETASOL VANILA 1KG,171500,2
DR.P BASIC XL 8 ,63500,
DR.P SPECIAL L8 ,49000,3
DR.P SPECIAL L8 ,49000,1
DR.P SPECIAL M10 ,49000,
DR.P BASIC M 10 ,51000,
ENFAGROW A+3 MADU 800G,224500,
ENFAGROW A+3 VANILA 800G,224500,
ENFAGROW A+4 MADU 800G,194500,
ENFAGROW A+4 VANILA 800G,194500,
ENFAKID A+ 4 COKLAT BOX 400G,99000,
ENFAKID A+ 4 VANILLA BOX 400G,99000,
ENFAMIL A+1 800G,264500,
ENFAMIL A+1 BOX 400G,136000,
ENFAMIL HA 400G,146500,
ENFAPRO A+2 800G,248000,
ENFAPRO A+2 BOX 400G,127000,
ENTRASOL GOLD COKLAT 370G,59000,
ENTRASOL GOLD COKLAT 600G,83000,
ENTRUST PLUS M 10 ,51000,
FITTI BASIC M 48 ,64000,1
GOON PANTS EKONOMIS L20 ,39500,
GOON PANTS EKONOMIS M20 ,36000,
GOON PANTS EKONOMIS S22 ,31000,1
GOON PANTS EKONOMIS XXL18 ,47500,
GOON PANTS XL20 ,46500,1
LACTOGEN 1 750G,87500,1
LACTOGEN 2 750G,86000,
LACTOGEN 3 750G,79000,2
MAMA PAD (20) 20PC,24000,
MAMY POKO L40 TAPE ,79000,1
MAMY POKO M46 TAPE ,79000,1
MAMY POKO NEWBORN 52 TAPE NB-5KG,73000,1
MAMY POKO PANTS L28 GIRLS ,78000,1
MAMY POKO PANTS M34 BOYS&GIRLS ,79000,1
MAMY POKO PANTS STAND L20 ,38000,4
MAMY POKO PANTS STAND L30 ,56500,3
MAMY POKO PANTS STAND L30 ,50500,5
MAMY POKO PANTS STAND M20 ,35000,
MAMY POKO PANTS STAND M32 ,54500,1
MAMY POKO PANTS STAND M34 ,50500,1
MAMY POKO PANTS STAND S36 ,54000,1
MAMY POKO PANTS STAND XL20 ,45000,1
MAMY POKO PANTS STAND XL26 ,57000,2
MAMY POKO PANTS STAND XL26 ,57000,1
MAMY POKO PANTS XL24 BOYS ,78000,1
MAMY POKO PANTS XXL20 BOY ,79000,2
MAMY POKO PANTS XXL20 GIRL ,79000,
MAMY POKO S50 ,76000,1
MAMY POKO XL 34 TAPE ,79000,1
MAMY POKO XXL 28 ,79000,2
MAMY POKO XXL 28 TAPE ,76000,
MILNA BISKUIT BERAS MERAH 130G,14500,
MILNA BISKUIT JERUK 130G,14500,1
MILNA BISKUIT KACANG HIJAU 130G,14500,
MILNA BISKUIT ORIGINAL 130G,14500,
MILNA BK 9+ AYAM MANIS TERIYAKI 120G,23500,
MILO ACTIGEN BOX 600G,50500,2
MINYAK CAPLANG 60ML,16500,1
MINYAK CAPLANG 120ML,31000,1
MINYAK CAPLANG FS 210ML,44000,1
MINYAK CAPLANG TELON 100ML,24500,
MINYAK KAYU PUTIH CONICARE 125ML,36000,
MINYAK TAWON DD 30ML,14000,
MINYAK TAWON EE 60ML,21000,
MINYAK TAWON FF 90ML,28000,
MINYAK TELON CONICARE 60ML,19000,
MINYAK TELON CONICARE PLUS 60ML,22000,
MINYAK TELON MY BABY PLUS 60ML,15000,1
MINYAK TELON MY BABY PLUS 90ML,19000,1
MINYAK TELON NY MENEER 60ML,17000,
MINYAK TELON NY MENEER 100ML,25000,
MINYAK TELON TRESNO JOYO 100ML,20000,
MINYAK TELON TRESNO JOYO 60ML,15000,
NAN HA 1 800G,319000,
NAN HA 2 800G,317000,
NAN HA 3 800G,274000,
NEOSURE 370G,143000,1
NURSOY 400G,98000,
NUTREN JR. VANILA 800G,200000,
NUTRIBABY 1 BOX 400G,92500,
NUTRIBABY 2 ROYAL BOX 400G,113000,
NUTRIBABY HA 400G,133500,
NUTRILON 3 MADU BOX 400G,74000,
NUTRILON 3 ROYAL MADU BOX 400G,96500,
NUTRILON 3 ROYAL VANILA 800G,195000,
NUTRILON 3 SOYA BOX 400G,92500,
NUTRILON 3 VANILA BOX 400G,73500,
NUTRILON 4 MADU 800G,130500,
NUTRILON 4 MADU BOX 400G,67500,
NUTRILON 4 ROYAL MADU 800G,172500,
NUTRILON 4 ROYAL VANILLA 800G,172500,
PAMPERS ACTIVE BABY L36 ,84500,
PAMPERS ACTIVE BABY PANTS L28 ,82500,
PAMPERS ACTIVE BABY PANTS M56 ,125000,1
PAMPERS ACTIVE BABY PANTS M56 ,110000,
PAMPERS ACTIVE BABY PANTS XL24 ,82500,1
PAMPERS ACTIVE BABY XL32 ,84500,
PAMPERS PANTS EKONOMIS S20 ,35500,1
PAMPERS PANTS EKONOMIS XL20 ,49500,
PEDIASURE COMP COKELAT 400G,123000,
PEDIASURE COMP VANILLA 900G,259000,1
PREDIASURE COMP COKLAT 900G,257000,1
PREGESTIMIL 400G,245000,
PRENAGEN EMESIS COKLAT 400G,70000,
PRENAGEN ESENSIS VANILA 360G,56000,
PRENAGEN LACTAMOM COKLAT 200G,37500,
PRENAGEN LACTAMOM COKLAT 400G,69000,
PRENAGEN LACTAMOM VANILA 200G,37500,
PRENAGEN MOMMY COKLAT 600G,99000,
PRENAGEN MOMMY KCG HIJAU 400G,69000,
PRENAGEN MOMMY STRAWBERRY 600G,99000,
PROCAL 3 VANILLA 700G,127000,1
PROCAL 3 VANILLA BOX 400G,74500,3
PROCAL GOLD 3 S-26 700G,174500,
PROCAL GOLD 3 S-26 NEW 900G,210000,1
PROCAL GOLD 3 S-26 NEW 900G,210000,
PROCAL GOLD 3 S-26 NEW 400G,110000,
PROMIL 2 VANILLA BOX 400G,84500,
PROMIL GOLD S26 NEW 400G,114000,1
PROMIL GOLD S26 NEW 900G,245000,
PROMISE BOX 400G,64500,
PROMISE BOX 700G,109000,
PROMISE GOLD S26 700G,148500,
PROMISE GOLD S26 NEW 900G,189500,
S-26 1 BOX 400G,88000,
S-26 GOLD NEW 400G,124000,
S-26 GOLD NEW 900G,250000,
S-26 GOLD NUTRISURE 900G,220000,1
S-26 GOLD NUTRISURE 400G,114000,1
SAFE CARE MINYAK ANGIN AROMA 10ML,17000,
SGM 1 ANANDA PRESINUTRI 1KG,78000,4
SGM 1 SOYA 200G,26000,
SGM 2 ANANDA PRESINUTRI 1KG,78000,
SGM 2 SOYA 400G,50000,
SGM 3 EKSPLOR BUAH SAYURAN 400G,40500,
SGM 3 EKSPLOR MADU 150G,14000,
SGM 3 EKSPLOR MADU 400G,33000,
SGM 3 EKSPLOR MADU 900G 900G,68000,3
SGM 3 EKSPLOR VANILLA 900G,68000,3
SGM 3 EKSPLOR VANILLA 400G,33000,
SGM 3 SOYA MADU 400G,49500,
SGM 3 SOYA VANILLA 400G,49500,
SGM 4 AKTIF BUAH SAYURAN 400G,40500,
SGM 4 AKTIF MADU 900G,66500,2
SGM 4 AKTIF VANILLA 900G,66500,1
SGM BBLR 400G,57000,2
SGM LLM 200G,28500,
SUSTAGEN JR. 1+ MADU 800G,118500,
SUSTAGEN JR. 1+ MADU BOX 350G,54500,1
SUSTAGEN JR. 1+ VANILA 800G,118500,
SUSTAGEN KID 3+ MADU BOX 350G,54500,
SUSTAGEN KID 3+ VANILA 800G,118500,
SUSTAGEN KID 3+ VANILA BOX 350G,54500,2
SUSTAGEN SCHOOL 6 COKLAT 800G,118500,
SUSTAGEN SCHOOL 6 COKLAT BOX 350G,54500,
SUSTAGEN SCHOOL 6 MADU BOX 350G,54500,
SUSTAGEN SCHOOL 6 VANILA 800G,118500,
SUSTAGEN SCHOOL 6+ VANILLA BOX 350G,54500,
SWEETY FIT PANTS L20 ,41500,
SWEETY FIT PANTS M20 ,37000,
SWEETY FIT PANTS XL34 ,73500,
SWEETY FIT PANTS XXL20 ,47000,
SWEETY L20 ,34000,
SWEETY L36 ,60000,
SWEETY M20 ,33000,
SWEETY M40 ,60000,
SWEETY M40 ,60000,
SWEETY XL16 ,32000,
SWEETY XL32 ,58500,
TISSUE NON PARFUM 52 LEMBAR,9500,
TISSUE PARFUM 52 LEMBAR,9500,
WE CARE ADULT M10+1 ,45000,1