NEW ZEALAND,ANDEC BONETTO CHOCOLATE,67000
NEW ZEALAND,ANDEC BONETTO VANILLA TWISTER,67000
NEW ZEALAND,ANMUM ESSENTIAL 3 MADU,189000
EMPRO,BABY CHOICE CHICKEN,39000
EMPRO,BABY CHOICE ORIGINAL,39000
NUTRICIA,BEBELAC 3 MADU,108500
NUTRICIA,BEBELAC 3 MADU BOX,57500
NUTRICIA,BEBELAC 3 VANILA,108500
NUTRICIA,BEBELAC 3 VANILA,236000
NUTRICIA,BEBELAC 3 VANILA BOX,57500
NUTRICIA,BEBELAC 4 MADU,100000
NUTRICIA,BEBELAC 4 MADU,100000
NUTRICIA,BEBELAC 4 MADU BOX,52500
NUTRICIA,BEBELAC 4 VANILA,100000
NUTRICIA,BEBELAC 4 VANILA,100000
NUTRICIA,BEBELAC 4 VANILA BOX,52500
NUTRICIA,BEBELAC COMP VANILLA,181500
NUTRICIA,BEBELOVE 1,132500
NUTRICIA,BEBELOVE 1 BOX,69500
NUTRICIA,BEBELOVE 2,122500
NUTRICIA,BEBELOVE 2 BOX,63500
NESTLE,BENDERA 123 COKLAT,74000
NESTLE,BENDERA 123 MADU,74000
NESTLE,BENDERA 123 VANILA,74000
NESTLE,BENDERA 123 VANILA,74000
NESTLE,BENDERA 456 MADU,74000
NESTLE,BENDERA 456 VANILLA,74000
NESTLE,BENDERA TAHAP 1,77500
NESTLE,BENDERA TAHAP 2,77500
MORINAGA,BMT LAKTOFERIN 1,157500
MORINAGA,BMT PLATINUM,244000
MORINAGA,BMT PLATINUM 1,127000
MORINAGA,CHIL KID 3 PLATINUM VANILA,215000
MORINAGA,CHIL KID 3 PLATINUM VANILA,214000
MORINAGA,CHIL KID 3 REGULER VANILA,126000
MORINAGA,CHIL KID REGULER,
MORINAGA,CHIL MIL 2 PLATINUM,234500
MORINAGA,CHIL MIL 2 REG,40500
MORINAGA,CHIL MIL 2 REG,146000
MORINAGA,CHIL MIL P-HP,240500
MORINAGA,CHIL MIL SOYA,167000
MORINAGA,CHIL SCHOOL COKLAT,
MORINAGA,CHIL SCHOOL VANILA BOX,114500
NESTLE,DANCOW 1+ COKLAT,71000
NESTLE,DANCOW 1+ MADU,71000
NESTLE,DANCOW 1+ VANILA,71000
NESTLE,DANCOW 3+ MADU,71000
NESTLE,DANCOW 3+ VANILLA,71000
NESTLE,DANCOW 5+ COKLAT,71000
NESTLE,DANCOW 5+ MADU,71000
NESTLE,DANCOW NUTRIGOLD 3 MADU,90000
NESTLE,DANSTART 2,38000
MORINAGA,DIABETASOL CAPPUCINO,121000
MORINAGA,DIABETASOL COKLAT,171500
MORINAGA,DIABETASOL COKLAT,121000
MORINAGA,DIABETASOL SWEETENER,24000
MORINAGA,DIABETASOL VANILA,171500
DR.P,DR. P BASIC XL 8,63500
DR.P,DR. P SPECIAL L8,49000
DR.P,DR. P SPECIAL L8,49000
DR.P,DR. P SPECIAL M10,49000
DR.P,DR.P BASIC M 10,51000
MEAD JHONSONS,ENFAGROW A+3 MADU,224500
MEAD JHONSONS,ENFAGROW A+3 VANILA,224500
MEAD JHONSONS,ENFAGROW A+4 MADU,194500
MEAD JHONSONS,ENFAGROW A+4 VANILA,194500
MEAD JHONSONS,ENFAKID A+ 4 COKLAT BOX,99000
MEAD JHONSONS,ENFAKID A+ 4 VANILLA BOX,99000
MEAD JHONSONS,ENFAMIL A+1,264500
MEAD JHONSONS,ENFAMIL A+1 BOX,136000
MEAD JHONSONS,ENFAMIL HA,146500
MEAD JHONSONS,ENFAPRO A+2,248000
MEAD JHONSONS,ENFAPRO A+2 BOX,127000
MORINAGA,ENTRASOL GOLD COKLAT,59000
MORINAGA,ENTRASOL GOLD COKLAT,83000
ENTRUST,ENTRUST PLUS M 10,51000
FITTI,FITTI BASIC M 48,64000
GOON,GOON PANTS EKONOMIS L20,39500
GOON,GOON PANTS EKONOMIS M20,36000
GOON,GOON PANTS EKONOMIS S22,31000
GOON,GOON PANTS EKONOMIS XXL18,47500
GOON,GOON PANTS XL20,46500
NESTLE,LACTOGEN 1,87500
NESTLE,LACTOGEN 2,86000
NESTLE,LACTOGEN 3,79000
MAMA PAD,MAMA PAD (20),24000
MAMY POKO,MAMY POKO L40 TAPE,79000
MAMY POKO,MAMY POKO M46 TAPE,79000
MAMY POKO,MAMY POKO NEWBORN 52 TAPE,73000
MAMY POKO,MAMY POKO PANTS L28 GIRLS,78000
MAMY POKO,MAMY POKO PANTS M34 BOYS&GIRLS,79000
MAMY POKO,MAMY POKO PANTS STAND L20,38000
MAMY POKO,MAMY POKO PANTS STAND L30,56500
MAMY POKO,MAMY POKO PANTS STAND L30,50500
MAMY POKO,MAMY POKO PANTS STAND M20,35000
MAMY POKO,MAMY POKO PANTS STAND M32,54500
MAMY POKO,MAMY POKO PANTS STAND M34,50500
MAMY POKO,MAMY POKO PANTS STAND S36,54000
MAMY POKO,MAMY POKO PANTS STAND XL20,45000
MAMY POKO,MAMY POKO PANTS STAND XL26,57000
MAMY POKO,MAMY POKO PANTS STAND XL26,57000
MAMY POKO,MAMY POKO PANTS XL24 BOYS,78000
MAMY POKO,MAMY POKO PANTS XXL20 BOY,79000
MAMY POKO,MAMY POKO PANTS XXL20 GIRL,79000
MAMY POKO,MAMY POKO S50,76000
MAMY POKO,MAMY POKO XL 34 TAPE,79000
MAMY POKO,MAMY POKO XXL 28,79000
MAMY POKO,MAMY POKO XXL 28 TAPE,76000
MILNA,MILNA BISKUIT BERAS MERAH,14500
MILNA,MILNA BISKUIT JERUK,14500
MILNA,MILNA BISKUIT KACANG HIJAU,14500
MILNA,MILNA BISKUIT ORIGINAL,14500
MILNA,MILNA BK 9+ AYAM MANIS TERIYAKI,23500
NESTLE,MILO ACTIGEN BOX,50500
MINYAK GOSOK,MINYAK CAPLANG,16500
MINYAK GOSOK,MINYAK CAPLANG,31000
MINYAK GOSOK,MINYAK CAPLANG FS,44000
MINYAK GOSOK,MINYAK CAPLANG TELON,24500
MINYAK GOSOK,MINYAK KAYU PUTIH CONICARE,36000
MINYAK GOSOK,MINYAK TAWON DD,14000
MINYAK GOSOK,MINYAK TAWON EE,21000
MINYAK GOSOK,MINYAK TAWON FF,28000
MINYAK GOSOK,MINYAK TELON CONICARE,19000
MINYAK GOSOK,MINYAK TELON CONICARE PLUS,22000
MINYAK GOSOK,MINYAK TELON MY BABY PLUS,15000
MINYAK GOSOK,MINYAK TELON MY BABY PLUS,19000
MINYAK GOSOK,MINYAK TELON NY MENEER,17000
MINYAK GOSOK,MINYAK TELON NY MENEER,25000
MINYAK GOSOK,MINYAK TELON TRESNO JOYO,20000
MINYAK GOSOK,MINYAK TELON TRESNO JOYO,15000
NESTLE,NAN HA 1,319000
NESTLE,NAN HA 2,317000
NESTLE,NAN HA 3,274000
ABBOT,NEOSURE,143000
WYETH,NURSOY,98000
NESTLE,NUTREN JR. VANILA,200000
NUTRICIA,NUTRIBABY 1 BOX,92500
NUTRICIA,NUTRIBABY 2 ROYAL BOX,113000
NUTRICIA,NUTRIBABY HA,133500
NUTRICIA,NUTRILON 3 MADU BOX,74000
NUTRICIA,NUTRILON 3 ROYAL MADU BOX,96500
NUTRICIA,NUTRILON 3 ROYAL VANILA,195000
NUTRICIA,NUTRILON 3 SOYA BOX,92500
NUTRICIA,NUTRILON 3 VANILA BOX,73500
NUTRICIA,NUTRILON 4 MADU,130500
NUTRICIA,NUTRILON 4 MADU BOX,67500
NUTRICIA,NUTRILON 4 ROYAL MADU,172500
NUTRICIA,NUTRILON 4 ROYAL VANILLA,172500
PAMPERS,PAMPERS ACTIVE BABY L36,84500
PAMPERS,PAMPERS ACTIVE BABY PANTS L28,82500
PAMPERS,PAMPERS ACTIVE BABY PANTS M56,125000
PAMPERS,PAMPERS ACTIVE BABY PANTS M56,110000
PAMPERS,PAMPERS ACTIVE BABY PANTS XL24,82500
PAMPERS,PAMPERS ACTIVE BABY XL32,84500
PAMPERS,PAMPERS PANTS EKONOMIS S20,35500
PAMPERS,PAMPERS PANTS EKONOMIS XL20,49500
ABBOT,PEDIASURE COMP COKELAT,123000
ABBOT,PEDIASURE COMP VANILLA,259000
ABBOT,PREDIASURE COMP COKLAT,257000
MEAD JHONSONS,PREGESTIMIL,245000
KALBE,PRENAGEN EMESIS COKLAT,70000
KALBE,PRENAGEN ESENSIS VANILA,56000
KALBE,PRENAGEN LACTAMOM COKLAT,37500
KALBE,PRENAGEN LACTAMOM COKLAT,69000
KALBE,PRENAGEN LACTAMOM VANILA,37500
KALBE,PRENAGEN MOMMY COKLAT,99000
KALBE,PRENAGEN MOMMY KCG HIJAU,69000
KALBE,PRENAGEN MOMMY STRAWBERRY,99000
WYETH,PROCAL 3 VANILLA,127000
WYETH,PROCAL 3 VANILLA BOX,74500
WYETH,PROCAL GOLD 3 S-26,174500
WYETH,PROCAL GOLD 3 S-26 NEW,210000
WYETH,PROCAL GOLD 3 S-26 NEW,210000
WYETH,PROCAL GOLD 3 S-26 NEW,110000
WYETH,PROMIL 2 VANILLA BOX,84500
WYETH,PROMIL GOLD S26 NEW,114000
WYETH,PROMIL GOLD S26 NEW,245000
WYETH,PROMISE BOX,64500
WYETH,PROMISE BOX,109000
WYETH,PROMISE GOLD S26,148500
WYETH,PROMISE GOLD S26 NEW,189500
WYETH,S-26 1 BOX,88000
WYETH,S-26 GOLD NEW,124000
WYETH,S-26 GOLD NEW,250000
WYETH,S-26 GOLD NUTRISURE,220000
WYETH,S-26 GOLD NUTRISURE,114000
MINYAK GOSOK,SAFE CARE MINYAK ANGIN AROMA,17000
SARI HUSADA,SGM 1 ANANDA PRESINUTRI,78000
SARI HUSADA,SGM 1 SOYA,26000
SARI HUSADA,SGM 2 ANANDA PRESINUTRI,78000
SARI HUSADA,SGM 2 SOYA,50000
SARI HUSADA,SGM 3 EKSPLOR BUAH SAYURAN,40500
SARI HUSADA,SGM 3 EKSPLOR MADU,14000
SARI HUSADA,SGM 3 EKSPLOR MADU,33000
SARI HUSADA,SGM 3 EKSPLOR MADU 900G,68000
SARI HUSADA,SGM 3 EKSPLOR VANILLA,68000
SARI HUSADA,SGM 3 EKSPLOR VANILLA,33000
SARI HUSADA,SGM 3 SOYA MADU,49500
SARI HUSADA,SGM 3 SOYA VANILLA,49500
SARI HUSADA,SGM 4 AKTIF BUAH SAYURAN,40500
SARI HUSADA,SGM 4 AKTIF MADU,66500
SARI HUSADA,SGM 4 AKTIF VANILLA,66500
SARI HUSADA,SGM BBLR,57000
SARI HUSADA,SGM LLM,28500
MEAD JHONSONS,SUSTAGEN JR. 1+ MADU,118500
MEAD JHONSONS,SUSTAGEN JR. 1+ MADU BOX,54500
MEAD JHONSONS,SUSTAGEN JR. 1+ VANILA,118500
MEAD JHONSONS,SUSTAGEN KID 3+ MADU BOX,54500
MEAD JHONSONS,SUSTAGEN KID 3+ VANILA,118500
MEAD JHONSONS,SUSTAGEN KID 3+ VANILA BOX,54500
MEAD JHONSONS,SUSTAGEN SCHOOL 6 COKLAT,118500
MEAD JHONSONS,SUSTAGEN SCHOOL 6 COKLAT BOX,54500
MEAD JHONSONS,SUSTAGEN SCHOOL 6 MADU BOX,54500
MEAD JHONSONS,SUSTAGEN SCHOOL 6 VANILA,118500
MEAD JHONSONS,SUSTAGEN SCHOOL 6+ VANILLA BOX,54500
SWEETY,SWEETY FIT PANTS L20,41500
SWEETY,SWEETY FIT PANTS M20,37000
SWEETY,SWEETY FIT PANTS XL34,73500
SWEETY,SWEETY FIT PANTS XXL20,47000
SWEETY,SWEETY L20,34000
SWEETY,SWEETY L36,60000
SWEETY,SWEETY M20,33000
SWEETY,SWEETY M40,60000
SWEETY,SWEETY M40,60000
SWEETY,SWEETY XL16,32000
SWEETY,SWEETY XL32,58500
MAMY POKO,TISSUE NON PARFUM,9500
MAMY POKO,TISSUE PARFUM,9500
WE CARE,WE CARE ADULT M10+1,45000