ENFAMIL A TAHAP 2 400GR BOX,129000.0,
DANCOW 1+ VANILA 400GR,37000.0,
VITALAC 3+ MADU 800G,77000.0,
VITALAC 1+ VANILA 800G,77000.0,
CURCUMA PLUS MADU 750GR,71000.0,59000.0
DANCOW 1+ MADU 400GR,37000.0,
ENFAMIL 2 800GR,253000.0,
CURCUMA PLUS COKLAT 750GR,71000.0,59000.0
CURCUMA PLUS VANILA 750GR,71000.0,59000.0
CURCUMA PLUS BUAH & SAYUR 750GR,75000.0,59000.0
NUTREN JUNIOR 800GR,200000.0,190000.0
DANCOW 1+ VANILA 1000GR,83000.0,
CHIL KID PLATINUM MADU 400GR,111000.0,
PEDIASURE COMPLETE VANILA 400GR,122000.0,
PEDIASURE COMPLETE COKLAT 400GR,122000.0,
SUSTAGEN JUNIOR MADU 350G,55000.0,
ENFAGROW A+ 3 MADU 400GR,117000.0,
NUTRAMIGEN 400G,234000.0,
BEBELAC COMPLETE FRUIT & VEGGIE VANILA 800GR,177000.0,
BEBELAC COMPLETE FRUIT & VEGGIE MADU 800GR,177000.0,
BEBELAC COMPLETE FRUIT & VEGGIE VANILA 400GR,90000.0,
BEBELAC COMPLETE FRUIT & VEGGIE MADU 400GR,90000.0,
SGM EKSPLOR BUAH DAN SAYUR 400G,39000.0,
S26 PROCAL GOLD 1400GR,317000.0,295000.0
DANCOW 1+ MADU 1500GR,128000.0,
NUTRINIDRINK VANILA 400GR,120000.0,115000.0
S26 PROCAL GOLD 700GR,159000.0,
DANCOW 1+ MADU 1000GR,83000.0,
CHIL SCHOOL PLATINUM MADU 800GR,182000.0,
DANCOW NUTRIGOLD 3+ VANILA 700GR,91000.0,86000.0
DANCOW NUTRIGOLD 3+ MADU 700GR,91000.0,86000.0
NUTRINIDRINK VANILA 200ML,23000.0,
NUTRINIDRINK COKLAT 200ML,23000.0,
NUTREN JUNIOR 400GR,100000.0,
LACTOGEN 3 GOLD 750GR,77000.0,
LACTOGEN 3 GOLD 350GR,40000.0,
CHILSCHOOL PLATINUM VANILA 800GR,182000.0,
CHIL KID PLATINUM VANILA 400GR,111000.0,
CHIL KID PLATINUM VANILA 800GR,207000.0,
CHIL KID PLATINUM MADU 800GR,207000.0,
CHIL KID REGULAR VANILA 800GR,125000.0,124000.0
CHIL KID REGULAR MADU 800GR,125000.0,124000.0
SIMILAC GAIN PLUS 900GR,225000.0,
PEDIASURE COMPLETE COKLAT 900GR,249500.0,
PEDIASURE COMPLETE MADU 900GR,249500.0,
PEDIASURE COMPLETE VANILA 900GR,249500.0,
PEDIASURE COMPLETE MADU 400GR,122000.0,
DANCOW 1+ COKLAT 400GR,37000.0,
DANCOW 1+ PREBIO 800GR,80000.0,
DANCOW 1+ COKLAT 800GR,71000.0,64000.0
DANCOW 1+ VANILA 800GR,71000.0,64000.0
DANCOW 1+ MADU 800GR,71000.0,64000.0
BEBELAC 3 VANILA 800GR,99000.0,
BEBELAC 3 VANILA 400GR,54000.0,
NUTRILON ROYAL 3 MADU 400GR,95000.0,93000.0
NUTRILON ROYAL 3 VANILA 400GR,95000.0,93000.0
NUTRILON ROYAL 3 MADU 800GR,199000.0,184000.0
NUTRILON 3 VANILA 800GR,139000.0,
NUTRILON 3 MADU 800GR,139000.0,
NUTRILON 3 MADU 400GR BOX.,72000.0,
SUSTAGEN KID 3+ MADU 800G,122000.0,
PREGESTIMIL 400GR,241000.0,
S26 NURSOY GOLD 400GR,95000.0,
BMT P-HP 800GR,254000.0,
LACTOGEN 1 GOLD 750GR,85000.0,
LACTOGEN 1 GOLD 350GR,44000.0,
BMT PLATINUM 800GR,238000.0,
BMT PLATINUM 400GR,125000.0,
BMT REGULAR 800GR,154000.0,
BMT REGULAR 400GR,80000.0,
SIMILAC NEOSURE 370GR,135000.0,
SIMILAC ADVANCE TAHAP 1 900GR,267000.0,
NAN NUTRIGOLD 1 700GR,159000.0,
BEBELOVE FL 400GR,78000.0,
NUTRIBABY ROYAL 1 800GR,232000.0,
NUTRIBABY ROYAL 1 400GR BOX,120000.0,
NUTRIBABY 1 800GR,178000.0,
NUTRIBABY 1 400GR BOX,89000.0,
ENFAMIL A+ PF,169000.0,
ENFAMIL A+ TAHAP 1 800GR,270000.0,
ENFAMIL A+ TAHAP 1 400GR BOX,138000.0,
ANMUM INFACARE 1 900GR,261000.0,
ANMUM INFACARE 1 400GR BOX,111000.0,
SUSTAGEN JUNIOR MADU 800G,125000.0,
SUSTAGEN JUNIOR VANILA 350G,55000.0,
ENFAGROW  A+ 3 MADU 800GR,224000.0,
ENFAGROW A+ 3 VANILA 800GR,224000.0,
ANMUM INFACARE 2 900GR,242000.0,
ANMUM INFACARE 2 400GR,109000.0,
ENFAGROW A+ 3 VANILA 400GR,117000.0,
S26 PROMIL 400GR BOX,79000.0,
S26 PROMIL GOLD 900GR,229000.0,
SGM 2 1000G,75000.0,
SGM 2 400G,32500.0,
BEBELOVE 2 1800GR,256000.0,
BEBELOVE 2 800GR,123000.0,
ANMUM ESSENTIAL 3 MADU 750GR,192000.0,
BEBELOVE 2 400GR,63000.0,
S26 PROCAL 700GR BOX,119000.0,115000.0
S26 PROCAL 400GR BOX,70000.0,
SGM 3 VANILA 900G,68000.0,
SGM 3 VANILA 400G,32000.0,
SGM 3 MADU 900G,68000.0,
SGM 3 400G MADU,32000.0,
BEBELAC 3 MADU 400GR,54000.0,
S26 400G BOK,83000.0,
S26 GOLD 400GR,123000.0,
SGM BBLR 400G,57500.0,
SGM 1 1000G,75000.0,
SGM 1 400G,32500.0,
BEBELOVE 1 1800GR BOX,278000.0,
BEBELOVE 1 400GR,68500.0,
BEBELOVE 1 800GR,131000.0,
MAMY POKO PANTS EXTRA SOFT M64,128000.0,
MAMY POKO PANTS EXTRA SOFT XXL38,128000.0,
MAMY POKO PANTS EXTRA SOFT L52,128000.0,
GOON PANTS EKONOMIS M20,32000.0,
GOON PANTS EKONOMIS L20,36000.0,
MAMY POKO DRY XL50,119000.0,
MAMY POKO DRY NB84,119000.0,
MAMY POKO DRY S80,119000.0,
SWEETY FIT PANTZ XXL 20,50000.0,
GOON PANTS DIAPERS XXL38,120000.0,
GOON SLIM DIAPERS L64,110000.0,
GOON SLIM DIAPERS XL58,110000.0,
GOON PANTS DIAPERS M64,120000.0,
GOON PANTS DIAPERS L52,120000.0,
GOON PANTS DIAPERS XL46,120000.0,
PAMPERS ACTIVE BABY DIAPERS M66,125000.0,
PAMPERS ACTIVE BABY DIAPERS L 58,125000.0,
PAMPERS ACTIVE BABY DIAPERS XL 50,125000.0,
PAMPERS DRY EKONOMIS DIAPERS M42,64000.0,
PAMPERS DRY EKONOMIS DIAPERS L38,64000.0,
PAMPERS ACTIVE BABY DIAPERS DRY JUMBO XL50,150000.0,125000.0
PAMPERS ACTIVE BABY PANTS DIAPERS XL 50,175000.0,
FITTI DAYPANTS XXL20,44000.0,
FITTI DAYPANTS XL22,43000.0,
FITTI DAYPANTS M28,41000.0,
FITTI DAYPANTS L24,43000.0,
PAMPERS EKONOMIS PANTS DIAPERS S46,75000.0,
PAMPERS PANTS DIAPERS EKONOMIS XL32,75000.0,
PAMPERS PANTS DIAPERS EKONOMIS L36,75000.0,
PAMPERS PANTS DIAPERS EKONOMIS M42,75000.0,
SENSI REGULAR PANTS S-20,25500.0,
SENSI REGULAR PANTS M-20,30500.0,
SENSI REGULAR PANTS L-20,33500.0,
SENSI REGULAR PANTS XL-18,35500.0,
HUGGIES ULTRA XXL26,88000.0,
MAMY POKO PANTS STANDAR XXL6,15000.0,
MAMY POKO PANTS STANDAR XL7,15000.0,
MAMY POKO PANTS STANDAR L8,15000.0,
MAMY POKO PANTS STANDAR S11,15000.0,
PAMPERS PANTS DIAPERS EKONOMIS S20,31000.0,
GOON PANTS DIAPERS XXL20,71000.0,67000.0
GOON PANTS DIAPERS XL24,71000.0,67000.0
GOON PANTS DIAPERS L28,71000.0,67000.0
GOON PANTS DIAPERS M34,67000.0,
GOON DIAPERS XL30,67000.0,59500.0
GOON DIAPERS L34,67000.0,59500.0
GOON DIAPERS M40,67000.0,59500.0
GOON DIAPERS S46,67000.0,59500.0
GOON DIAPERS NEW BORN 50,67000.0,59500.0
PAMPERS NEW BABY DIAPERS S46,84000.0,
PAMPERS ACTIVE BABY PANTS DIAPERS XL36,132000.0,120000.0
PAMPERS ACTIVE BABY PANTS DIAPERS L44,132000.0,120000.0
PAMPERS ACTIVE BABY PANTS DIAPERS M56,132000.0,
PAMPERS ACTIVE BABY PANTS DIAPERS XL24,79000.0,
PAMPERS ACTIVE BABY PANTS DIAPERS L28,82000.0,
PAMPERS ACTIVE BABY PANTS DIAPERS M34,82000.0,79000.0
MERRIES TAPE S24,53000.0,
MERRIES TAPE NB24,53000.0,
MERRIES TAPE M38,93000.0,
MERRIES PANTS DIAPERS M28,85000.0,
MERRIES TAPE L32,93000.0,
MERRIES PANTS DIAPERS L22,85000.0,
MERRIES PANTS DIAPERS XL19,85000.0,
PAMPERS ACTIVE BABY DIAPERSL36,84000.0,
PAMPERS ACTIVE BABY DIAPERS M42,84000.0,
PAMPERS PANTS EKONOMIS DIAPERS XL20,51000.0,
PAMPERS PANTS EKONOMIS DIAPERS L20,44000.0,
PAMPERS PANTS EKONOMIS DIAPERS M20,39000.0,
MAMY POKO PANTS SOFT FIT GIRL XXL20,75000.0,
MAMY POKO PANTS SOFT FIT BOY XXL 20,75000.0,
MAMY POKO PANTS SOFT FIT BOY XL24,75000.0,
MAMY POKO PANTS SOFT FIT BOY L28,75000.0,
MAMY POKO PANTS SOFT FIT M34,75000.0,
MAMY POKO PANTS SOFT FIT S38,75000.0,
MAMY POKO DRY XXL28,75000.0,
MAMY POKO DRY XL34,75000.0,
MAMY POKO DRY NEWBORN 52,75000.0,
MAMY POKO DRY M46,75000.0,
MAMY POKO DRY L40,75000.0,
MAMY POKO DRY S50,75000.0,
MAMY POKO PANTS STANDAR S40,52500.0,
MAMY POKO PANTS STANDAR M34,52500.0,
MAMY POKO PANTS STANDAR L30,52500.0,
MAMY POKO PANTS STANDAR XL26,54000.0,
MAMY POKO PANTS STANDAR XXL24,54000.0,
MAMYPOKO STANDAR XXL18,43000.0,
MAMY POKO PANTS STANDAR XL20,43000.0,
MAMY POKO PANTS STANDAR L20,36000.0,
MAMY POKO PANTS STANDAR M20,32000.0,
MAMY POKO PANTS STANDAR S22,29000.0,
MAMY POKO PANTS STANDAR M9,15000.0,
SWEETY FIT PANTS XL34,72000.0,
SWEETY FIT PANTS L36,68000.0,
SWEETY FIT PANTS M38,64000.0,
SWEETY FIT PANTS XL20,45000.0,
SWEETY FIT PANTS L20,45000.0,
SWEETY FIT PANTS M20,37500.0,
PAMPERS ACTIVE BABY DIAPERS XL32,84000.0,
BEBEMAMA CHOCO BREEZE 400G,61000.0,
INDOMILK PLAIN FULL CREAM 800G,63000.0,
INDOMILK PLAIN 800G,63000.0,
FRISOMUM GOLD 0 400G,92000.0,70000.0
OVALTINE SACHET 3 IN 1,30500.0,
MOM & ME VANILLA 350GR,55000.0,
MOM & ME COKLAT 350GR,55000.0,
NUTREN OPTIMUM VANILA 800GR,200000.0,
NUTREN OPTIMUM VANILA 400GR,98000.0,
OVALTINE 3 IN 1 600GR,44500.0,
OVALTINE COKLAT 600GR,41500.0,
DANCOW INSTANT COKLAT 400GR,31000.0,
DANCOW INSTANT 400GR,34000.0,
DANCOW FULL CREAM 400GR,34000.0,
TROPICANA SLIM PLAIN 1000G,157000.0,
APPETON 60 PLUS VANILA 900G,405000.0,
APPETON 60 PLUS VANILA 450G,219000.0,
ANLENE GOLD VANILA 600GR,77000.0,
PRENAGEN MOMMY KACANG HIJAU 400GR,68000.0,
SGM 5 MADU 1000 G,66000.0,
MILO 3 IN 1 300 GR,25000.0,
WRP RASA CHOCO CEREAL 300 GR,85000.0,
WRP RASA COKLAT 300 GR  ISI 12 SACHET,85000.0,
WRP STAY SLIM CHOCOLATE HAZELNUT 250 GR,53000.0,
WRP RASA STRAWBERRY 300 GRAM 12 SACHET,85000.0,
WRP COOKIES HIGH FIBER 240 GRAM 12 SACHET,46000.0,
WRP BODY SHAPE RASA CHOCOCINO 186G 6@31,63000.0,
HILO GOLD CHOCOLATE  750 GR,102000.0,
HILO PLATINUM CHOCOLATE 12*35 GR,76000.0,
HILO ACTIVE COKLAT 500GR,67000.0,
DANCOW ENRICH COKLAT 1000GR,67500.0,
ENSURE FOS COKLAT 400G,110000.0,
ENSURE FOS VANILA 400G,110000.0,
BEAR BRAND 30X189ML (1 KARTON),193000.0,
BEBEMAMA VANILA BERRY 400GR,60000.0,
INDOMILK COKLAT 800G,57000.0,
ANLENE TOTAL PLAIN 500GR,82500.0,
ANLENE TOTAL VANILA 500GR,82500.0,
ANLENE TOTAL DARK CHOCO 500GR,82500.0,
ANLENE GOLD COKLAT 600GR,77000.0,
RAJA SUSU KAMBING ORIGINAL 200G,23000.0,
RAJA SUSU KAMBING VANILA 200G,23000.0,
RAJA SUSU KAMBING STRAWBERRY 200G,23000.0,
RAJA SUSU KAMBING COKELAT 200G,23000.0,
ENTRASOL ACTIVE MOCHACINO 360GR,49000.0,
ENTRASOL GOLD VANILA 600GR,83000.0,
ENTRASOL GOLD VANILA 370GR,57000.0,
PRENAGEN MOMMY EMESIS COKLAT 400GR,69500.0,
PRENAGEN ESENSIS COKLAT 360GR,56000.0,
PRENAGEN LACTAMOM VANILA 400GR,68000.0,
PRENAGEN LACTAMOM MOKA 400GR,68000.0,
PRENAGEN LACTAMOM COKLAT 200GR,36000.0,
PRENAGEN MOMMY COKLAT 200GR,36000.0,
PRENAGEN MOMMY MOKA 200GR,36000.0,
PRENAGEN MOMMY VANILA 200GR,36000.0,
PRENAGEN MOMMY COKLAT 600GR,98000.0,
PRENAGEN MOMMY STROBERI 400GR,68000.0,
PRENAGEN MOMMY COKLAT 400GR,68000.0,
ANLENE ACTIFIT  VANILA 900GR,102000.0,
ANLENE ACTIFIT COKLAT 600GR,66000.0,
ANLENE ACTIFIT VANILA 600GR,66000.0,
ANMUM LACTA COKLAT 400G,70000.0,
ANMUM MATERNA VANILA 400GR,70000.0,
ANMUM MATERNA PLAIN 400GR,70000.0,
MILO ACTIGEN-E 1KG,66000.0,
MILO 3 IN 1 1KG.,71000.0,
MILO 3 IN 1 20*35G,53500.0,
HILO ACTIVE KACANG HIJAU 750GR,96000.0,
HILO ACTIVE COKLAT 750GR,96000.0,
WRP DRINKS CHOCOLATE 24 SACHET AND CHOCOLATE COOKIES 12 SACHET,175000.0,
DIABETASOL CAPPUCCINO 600GR,121000.0,117000.0
DIABETASOL VANILA 180GR,39500.0,
DIABETASOL VANILA 1000GR,169000.0,
DIABETASOL CHOCOLATE 180GR,39500.0,
DIABETASOL CAPPUCCINO 180GR,39500.0,
DIABETASOL COKLAT 1000GR,169000.0,
MELILEA ORGANIK SOYA DRINK 500GR,55000.0,50000.0
HILO TEEN COKLAT 750GR,91000.0,
HILO SCHOOL COKLAT 500GR,64000.0,
HILO TEEN COKLAT 500GR,64000.0,
HILO GOLD COKLAT 500GR,70000.0,
HILO GOLD VANILA 500GR,74000.0,
HILO GOLD PLAIN 500GR,73000.0,
HILO ACTIVE VANILA 500GR,69000.0,
HILO TEEN VANILA CARAMEL 750GR,91000.0,
HILO SCHOOL COKLAT 750GR,88000.0,
HILO SCHOOL VANILA VEGIBERI 500GR,64000.0,
BEAR BRAND 189ML.,6500.0,
SUSU KENTAL MANIS BENDERA COKLAT 385GR,8500.0,
SUSU KENTAL MANIS BENDERA BIRU 385GR,8500.0,
SUSU KENTAL MANIS BENDERA GOLD 385GR,12500.0,
APPETON WEIGHT GAIN ADULT 900GR,440000.0,
ENSURE FOS COKLAT 1000GR,242000.0,
ENSURE FOS VANILA 1000GR,242000.0,
ENTRASOL ACTIVE VANILA 360GR,49000.0,
ENTRASOL GOLD COKLAT 600GR,83000.0,
ENTRASOL GOLD COKLAT 370GR,57000.0,
PRENAGEN MOMMY EMESIS PLAIN 400GR,69500.0,
PRENAGEN ESENSIS VANILA 360GR,56000.0,
PRENAGEN LACTAMOM COKLAT 400GR,68000.0,
PRENAGEN LACTAMOM MOKA 200GR,36000.0,
PRENAGEN MOMMY VANILA 600GR,98000.0,
PRENAGEN MOMMY MOKA 400GR,68000.0,
PRENAGEN MOMMY STROBERI 200GR,36000.0,
DIABETASOL COKLAT 600GR,121000.0,117000.0
DIABETASOL VANILA 600GR,121000.0,117000.0
DANCOW INSTANT COKLAT 800GR,62000.0,
DANCOW INSTANT 800GR,66000.0,
DANCOW FULL CREAM 800GR,66000.0,64000.0
BENDERA INSTANT PLAIN 800GR,65000.0,
BENDERA INSTANT COKLAT 800GR,61000.0,
ANLENE GOLD PLAIN 600GR,77000.0,
ANLENE ACTIFIT PLAIN 600GR,66000.0,
ANMUM LACTA PLAIN 400G,70000.0,
ANMUM MATERNA COKLAT 400GR,70000.0,
