ANLENE ACTIFIT COKLAT 900GR,86000.0
ANLENE ACTIFIT PLAIN 900GR,86000.0
ANLENE GOLD COKLAT 900GR,102000.0
ANLENE GOLD PLAIN 900GR,102000.0
ANMUM ESSENTIAL 4 VANILA 750GR,180000.0
ANMUM ESSENTIALS 3 VANILA 750GR,187000.0
ANMUM INFACARE 1 900GR ,258000.0
ANMUM INFACARE 2 900GR,239000.0
BEBELAC 3 MADU 800GR ,102000.0
BEBELAC 3 VANILLA  800GR,102000.0
BEBELAC 4 MADU KALENG 800GR (NEW),95000.0
BEBELAC 4 VANILLA KALENG 800GR (NEW),95000.0
BEBELAC COMPLETE 400GR BOX,54000.0
BEBELAC FL ,78000.0
BEBELOVE 1 800GR KALENG,129000.0
BEBELOVE 2 800GR KALENG,119000.0
BENDERA 123 COKLAT BOX 800GR ,68000.0
BENDERA 123 JELAJAH MADU 800GR ,68000.0
BENDERA 123 JELAJAH VAN 800GR,68000.0
BENDERA 456 KARYA MADU 800GR,68000.0
BENDERA 456 KARYA VAN 800GR,68000.0
BENDERA TAHAP 2 800GR KTK,54000.0
BMT PLATINUM KALENG 800GR,233000.0
BMT REGULER 800GR ,150000.0
BONEETTO INSTANT COKLAT 700GR,63000.0
BONEETTO INSTANT VANILLA 700GR,62000.0
"BUY 3 GET 1, S26 NUTRISURE GOLD 400GR",115000.0
CHIL KID REGULAR MADU 800GR,121000.0
CHIL KID REGULAR VANILLA 800GR,124000.0
CHILKID PLAT MADU 800GR,202000.0
CHILKID PLATINUM VAN 800GR,205000.0
CHILMIL PLATINUM 800GR,223000.0
CHILMIL REGULAR 800GR ,140000.0
CHILSCHOOL PLATINUM MD 800GR,179000.0
CHILSCHOOL PLATINUM VNL 800GR ,182000.0
CHILSCHOOL REGULAR VAN 800GR,109000.0
DANCOW 1+ COKLAT 800GR,67000.0
DANCOW 1+ EXCEL VANILLA KOTAK  800GR,67000.0
DANCOW 1+ EXCEL+ MADU 800 GR,67000.0
DANCOW 3+ EXCEL COKLAT 800GR,67000.0
DANCOW 3+ EXCEL MADU 800GR,67000.0
DANCOW 3+ EXCEL VANILLA 800GR,67000.0
DANCOW 5+ EXCEL COKLAT 800GR,68000.0
DANCOW 5+ EXCEL MADU 800GR,68000.0
DANCOW 5+ EXCEL VANILLA 800GR,68000.0
DANCOW BATITA MADU 900GR BOX,65000.0
DANCOW BATITA VANILA 900GR BOX,65000.0
DANCOW FULL CREAM 800GR,63000.0
DANCOW INSTANT BOX 800GR,63000.0
DANCOW INSTANT COKLAT 800GR,62000.0
DANCOW NUTRIGOLD 1+ MD 700GR ,88000.0
DANCOW NUTRIGOLD 1+ VAN 700GR,88000.0
DIABETASOL CAPUCINO 600GR,121000.0
DIABETASOL COKLAT 1000GR,169000.0
DIABETASOL VANILLA 1000 GR,169000.0
ENFAGROW 3 A+ MADU   800GR,218000.0
ENFAGROW 3 A+ VAN 800GR,218000.0
ENFAGROW 4 A+ COKLAT 800GR,183000.0
ENFAGROW 4 A+ MADU 800GR,183000.0
ENFAGROW 4 A+ VANILLA 800GR,183000.0
ENFAMIL  A+ HA 400GR,140000.0
ENFAMIL 2 A+ 800GR,252000.0
ENFAMIL A+ 400GR KOTAK,117000.0
ENFAMIL A+ 800GR,260000.0
ENFAPRO A+ 400GR KOTAK,111000.0
ENSURE FOS CHOC 1000GR (NEW),238000.0
ENSURE FOS VANILLA 1000GR (NEW),238000.0
ENTRASOL ACTIVE MOCHACINNO,44000.0
ENTRASOL ACTIVE VANILLA LATTE,44000.0
ENTRASOL GOLD CHOCOLATE,47000.0
ENTRASOL GOLD VANILLA,47000.0
GOON PANTS ALL VARIAN M34/L28/XL24/XXL20,64000.0
GOON PANTS L28,64000.0
GOON PANTS M30,64000.0
GOON PANTS XL26,64000.0
GOON PANTS XXL20,64000.0
GOON TAPE L64,112000.0
GOON TAPE M74,112000.0
GOON TAPE NEWBORN 50,66000.0
GOON TAPE S46,62000.0
GOON TAPE XL58,112000.0
ISOMIL ADVANCE 900GR,253000.0
ISOMIL ADVANCE 900GR,253000.0
ISOMIL PLUS ADVANCE 900GR,238000.0
KONICARE TELON 125ML,33000.0
KONICARE TELON PLUS 125ML,38000.0
LACTOGEN 3 750GR KTK ,77000.0
MAMY POKO NEW BORN 52,75000.0
MAMY POKO PANTS GIRL L 28,75000.0
MAMY POKO PANTS L28 BOY,75000.0
MAMY POKO PANTS M 34,75000.0
MAMY POKO REGULAR L 40,75000.0
MAMY POKO REGULAR M 46           ,75000.0
MAMY POKO REGULAR S 50,75000.0
MAMY POKO REGULAR XL 34,75000.0
MAMY POKO REGULAR XXL 28,75000.0
MAMY POKO STANDAR L20 PANT,35000.0
MAMY POKO STANDAR M20,32000.0
MAMY POKO STANDAR XL20,42000.0
MAMY POKO STANDAR XXL20,43000.0
MAMYPOKO PANTS BOY XL24,75000.0
MAMYPOKO PANTS BOY XXL20,75000.0
MAMYPOKO PANTS GIRL  XXL20,75000.0
MAMYPOKO PANTS GIRL XL24,75000.0
NAN HA 1 800GR,310000.0
NAN HA 2 800GR,308000.0
NAN HA 3 800GR KLG,257000.0
NEPIA PANTS BIG 26,100000.0
NEPIA PANTS L 30,103000.0
NEPIA TAPE L54,144000.0
NEPIA TAPE M63,144000.0
NEPIA TAPE NEWBORN 84,152000.0
NEPIA TAPE S72,146000.0
NUTRIBABY HA 400GR KLG,134000.0
NUTRIBABY REGULAR 1 800GR,175000.0
NUTRIBABY REGULAR 2 400GR,84000.0
NUTRIBABY REGULAR 2 800GR,164000.0
NUTRIBABY REGULER 1 400GR,89000.0
NUTRIBABY ROYAL 1 400GR,119000.0
NUTRIBABY ROYAL 1 800GR,233000.0
NUTRIBABY ROYAL 2 KALENG 800GR,219000.0
NUTRIBABY ROYAL 2 KOTAK 400GR,110000.0
NUTRIBABY SOYA 1 400GR ,91000.0
NUTRIBABY SOYA 2 400GR,91000.0
NUTRIBABY SOYA 2 800GR,180000.0
NUTRILON REGULAR 3 MADU 400GR,73000.0
NUTRILON REGULAR 3 MADU 800GR,143000.0
NUTRILON REGULAR 3 VANILA 400GR,73000.0
NUTRILON REGULAR 3 VANILA 800GR,143000.0
NUTRILON REGULAR 4 MADU 400GR,65000.0
NUTRILON REGULAR 4 MADU 800GR,126000.0
NUTRILON REGULAR 4 VANILA 400GR,65000.0
NUTRILON REGULAR 4 VANILA 800GR,126000.0
NUTRILON ROYAL 3 MADU  400GR,90000.0
NUTRILON ROYAL 3 PRONUTRA MADU 800GR ,182000.0
NUTRILON ROYAL 3 PRONUTRA VANILLA  800GR ,179000.0
NUTRILON ROYAL 3 VANILLA 400GR ,90000.0
NUTRILON ROYAL 4 MADU 400GR ,85000.0
NUTRILON ROYAL 4 MADU 800GR,164000.0
NUTRILON ROYAL 4 VANILA 400GR ,85000.0
NUTRILON ROYAL 4 VANILLA 800GR,164000.0
NUTRILON SOYA 3 400GR,91000.0
NUTRILON SOYA 3 800GR,180000.0
NUTRILON SOYA 4 400GR          ,87000.0
PAMPERS ACTIVE BABY  L36,70000.0
PAMPERS ACTIVE BABY  M42,70000.0
PAMPERS ACTIVE BABY S 46,70000.0
PAMPERS ACTIVE BABY XL 32,70000.0
PAMPERS PANTS EKONOMIS L20,40000.0
PAMPERS PANTS EKONOMIS M20 ,36000.0
PAMPERS PANTS EKONOMIS XL20,46000.0
PAMPERS PEREKAT EKONOMIS L20,29000.0
PAMPERS PEREKAT EKONOMIS M22,29000.0
PAMPERS PEREKAT EKONOMIS XL16,29000.0
PEDIASURE COKLAT 900GR ,242000.0
PEDIASURE COKLAT 900GR ,242000.0
PEDIASURE MADU 400GR ,120000.0
PEDIASURE MADU 900GR ,242000.0
PEDIASURE MADU 900GR ,242000.0
PEDIASURE VANILLA 400GR ,120000.0
PEDIASURE VANILLA 400GR ,112000.0
PEDIASURE VANILLA 900GR ,242000.0
PEDIASURE VANILLA 900GR ,242000.0
PRENAGEN LACTA MOKA 400GR,67000.0
PRENAGEN LACTAMOM COKLAT 400GR,67000.0
PRENAGEN LACTAMOM VANILLA 400GR KTK,67000.0
PRENAGEN MOMMY COKLAT 400GR KTK,67000.0
PRENAGEN MOMMY MOKA 400GR,67000.0
PRENAGEN MOMMY VANILLA 400GR KTK,67000.0
S26 GOLD 400GR ,118000.0
S26 GOLD KALENG 900GR ,239000.0
S26 NUTRISURE GOLD 900GR,222000.0
S26 PROCAL GOLD 1400 GR,280000.0
S26 PROCAL GOLD 900GR ,195000.0
S26 PROCAL GOLD KALENG 400GR,90000.0
S26 PROCAL REGULER 700GR BOX,115000.0
S26 PROMIL GOLD 400GR,108000.0
S26 PROMIL GOLD 900GR ,224990.0
S26 PROMIL REGULER 400GR,78000.0
S26 PROMISE GOLD 400GR,86000.0
S26 PROMISE GOLD 900GR ,175000.0
S26 PROMISE REGULER 700GR BOX,103000.0
S26 REGULER 400GR ,82000.0
SGM  4 AKTIF MADU 1000GR KTK,60000.0
SGM  4 AKTIF VANILA 1000GR KTK,60000.0
SGM 1 1000GR,68000.0
SGM 2 1000GR ,68000.0
SGM 3 EXPLOR MADU 900GR KTK,68000.0
SGM 3 EXPLOR VANILA 900GR ,68000.0
SIMILAC ADVANCE 2 900GR,248000.0
SIMILAC ADVANCE 900GR KLG,266000.0
SIMILAC GAIN KID  VANILLA 900GR,198000.0
SIMILAC GAIN PLUS 900GR,222000.0
SIMILAC NEOSURE 400GR,135000.0
SLEEK LAUNDRY POUCH 450ML,13000.0
SLEEK NIPPLE CLEANSER POUCH 900ML,25000.0
SLEEK NIPPLE CLEANSER POUCH450ML,14500.0
SUSTAGEN JUNIOR 1+ MADU  800GR,102000.0
SUSTAGEN JUNIOR 1+ VANILLA 800GR,102000.0
SUSTAGEN KID 3+ COKLAT 800GR,102000.0
SUSTAGEN KID 3+ MADU 800GR,102000.0
SUSTAGEN KID 3+ VANILLA KALENG 800GR,102000.0
SUSTAGEN SCHOOL 6+ COKLAT 800GR,102000.0
SUSTAGEN SCHOOL 6+ VAN 800GR,102000.0
